seed,nnet,HighEnergyLevelChargeStopper,HighEnergyWantsToCharge,ChargeOnVeryLowEnergy,LowEnergyFlyToField,DroneOnEmptyField,HighEnergyIdleDronesVeryFarFromBirds,set_state,which_simulation,drones,file,redflags,charger_option,hysteresis,active_drones,total_damage,alive_drone_rate,damage_rate,charger_capacity
5009,C1,1,1,1,1,1,1,SetState.use_set_state_minimal,greedy_drone,10,10drones,RedflagsEnum.answer,3,a0.1-9,4,94,0.4,0.09978768577494693,1
5009,C1,1,1,1,1,1,1,SetState.use_set_state_minimal,argmax,10,10drones,RedflagsEnum.answer,3,a0.1-9,0,115,0.0,0.12208067940552017,1
5009,C1,1,1,1,1,1,1,SetState.use_set_state_minimal,greedy_ens,10,10drones,RedflagsEnum.answer,3,a0.1-9,0,115,0.0,0.12208067940552017,1
5009,C1,0,0,0,0,0,0,SetState.use_set_state_minimal,greedy_drone,10,10drones,RedflagsEnum.answer,3,a0.1-9,2,248,0.2,0.2632696390658174,1
5009,C1,0,0,0,0,0,0,SetState.use_set_state_minimal,argmax,10,10drones,RedflagsEnum.answer,3,a0.1-9,0,22,0.0,0.02335456475583864,1
5009,C1,0,0,0,0,0,0,SetState.use_set_state_minimal,greedy_ens,10,10drones,RedflagsEnum.answer,3,a0.1-9,0,24,0.0,0.025477707006369428,1
5009,deep,0,0,0,0,0,0,SetState.use_set_state_minimal,argmax,10,10drones,RedflagsEnum.answer,3,a0.1-9,0,22,0.0,0.02335456475583864,1
5009,deep,0,0,0,0,0,0,SetState.use_set_state_minimal,greedy_drone,10,10drones,RedflagsEnum.answer,3,a0.1-9,0,8,0.0,0.008492569002123142,1
5009,deep,0,0,0,0,0,0,SetState.use_set_state_minimal,greedy_ens,10,10drones,RedflagsEnum.answer,3,a0.1-9,0,24,0.0,0.025477707006369428,1
5009,deep,1,1,1,1,1,1,SetState.use_set_state_minimal,greedy_drone,10,10drones,RedflagsEnum.answer,3,a0.1-9,3,114,0.3,0.12101910828025478,1
5009,deep,1,1,1,1,1,1,SetState.use_set_state_minimal,greedy_ens,10,10drones,RedflagsEnum.answer,3,a0.1-9,0,21,0.0,0.022292993630573247,1
5009,deep,1,1,1,1,1,1,SetState.use_set_state_minimal,argmax,10,10drones,RedflagsEnum.answer,3,a0.1-9,0,18,0.0,0.01910828025477707,1
5008,deep,0,0,0,0,0,0,SetState.use_set_state_minimal,greedy_drone,10,10drones,RedflagsEnum.answer,3,a0.1-9,0,1,0.0,0.0010615711252653928,1
5008,deep,0,0,0,0,0,0,SetState.use_set_state_minimal,greedy_ens,10,10drones,RedflagsEnum.answer,3,a0.1-9,0,34,0.0,0.036093418259023353,1
5008,deep,0,0,0,0,0,0,SetState.use_set_state_minimal,argmax,10,10drones,RedflagsEnum.answer,3,a0.1-9,0,32,0.0,0.03397027600849257,1
5008,deep,1,1,1,1,1,1,SetState.use_set_state_minimal,argmax,10,10drones,RedflagsEnum.answer,3,a0.1-9,0,25,0.0,0.02653927813163482,1
5008,deep,1,1,1,1,1,1,SetState.use_set_state_minimal,greedy_drone,10,10drones,RedflagsEnum.answer,3,a0.1-9,4,120,0.4,0.12738853503184713,1
5008,deep,1,1,1,1,1,1,SetState.use_set_state_minimal,greedy_ens,10,10drones,RedflagsEnum.answer,3,a0.1-9,0,24,0.0,0.025477707006369428,1
5008,C1,0,0,0,0,0,0,SetState.use_set_state_minimal,greedy_drone,10,10drones,RedflagsEnum.answer,3,a0.1-9,0,1,0.0,0.0010615711252653928,1
5008,C1,0,0,0,0,0,0,SetState.use_set_state_minimal,argmax,10,10drones,RedflagsEnum.answer,3,a0.1-9,0,32,0.0,0.03397027600849257,1
5008,C1,0,0,0,0,0,0,SetState.use_set_state_minimal,greedy_ens,10,10drones,RedflagsEnum.answer,3,a0.1-9,0,10,0.0,0.010615711252653927,1
5008,C1,1,1,1,1,1,1,SetState.use_set_state_minimal,greedy_drone,10,10drones,RedflagsEnum.answer,3,a0.1-9,4,202,0.4,0.21443736730360935,1
5008,C1,1,1,1,1,1,1,SetState.use_set_state_minimal,argmax,10,10drones,RedflagsEnum.answer,3,a0.1-9,0,157,0.0,0.16666666666666666,1
5008,C1,1,1,1,1,1,1,SetState.use_set_state_minimal,greedy_ens,10,10drones,RedflagsEnum.answer,3,a0.1-9,0,58,0.0,0.06157112526539278,1
5007,C1,0,0,0,0,0,0,SetState.use_set_state_minimal,greedy_drone,10,10drones,RedflagsEnum.answer,3,a0.1-9,1,252,0.1,0.267515923566879,1
5007,C1,0,0,0,0,0,0,SetState.use_set_state_minimal,argmax,10,10drones,RedflagsEnum.answer,3,a0.1-9,2,325,0.2,0.34501061571125263,1
5007,C1,0,0,0,0,0,0,SetState.use_set_state_minimal,greedy_ens,10,10drones,RedflagsEnum.answer,3,a0.1-9,0,12,0.0,0.012738853503184714,1
5007,C1,1,1,1,1,1,1,SetState.use_set_state_minimal,greedy_drone,10,10drones,RedflagsEnum.answer,3,a0.1-9,4,103,0.4,0.10934182590233546,1
5007,C1,1,1,1,1,1,1,SetState.use_set_state_minimal,argmax,10,10drones,RedflagsEnum.answer,3,a0.1-9,0,121,0.0,0.12845010615711253,1
5007,C1,1,1,1,1,1,1,SetState.use_set_state_minimal,greedy_ens,10,10drones,RedflagsEnum.answer,3,a0.1-9,0,36,0.0,0.03821656050955414,1
5007,deep,0,0,0,0,0,0,SetState.use_set_state_minimal,greedy_ens,10,10drones,RedflagsEnum.answer,3,a0.1-9,0,6,0.0,0.006369426751592357,1
5007,deep,0,0,0,0,0,0,SetState.use_set_state_minimal,greedy_drone,10,10drones,RedflagsEnum.answer,3,a0.1-9,0,91,0.0,0.09660297239915075,1
5007,deep,0,0,0,0,0,0,SetState.use_set_state_minimal,argmax,10,10drones,RedflagsEnum.answer,3,a0.1-9,0,40,0.0,0.04246284501061571,1
5007,deep,1,1,1,1,1,1,SetState.use_set_state_minimal,greedy_drone,10,10drones,RedflagsEnum.answer,3,a0.1-9,5,76,0.5,0.08067940552016985,1
5007,deep,1,1,1,1,1,1,SetState.use_set_state_minimal,argmax,10,10drones,RedflagsEnum.answer,3,a0.1-9,1,325,0.1,0.34501061571125263,1
5007,deep,1,1,1,1,1,1,SetState.use_set_state_minimal,greedy_ens,10,10drones,RedflagsEnum.answer,3,a0.1-9,0,1,0.0,0.0010615711252653928,1
5006,C1,1,1,1,1,1,1,SetState.use_set_state_minimal,greedy_drone,10,10drones,RedflagsEnum.answer,3,a0.1-9,4,92,0.4,0.09766454352441614,1
5006,C1,1,1,1,1,1,1,SetState.use_set_state_minimal,argmax,10,10drones,RedflagsEnum.answer,3,a0.1-9,0,150,0.0,0.1592356687898089,1
5006,C1,1,1,1,1,1,1,SetState.use_set_state_minimal,greedy_ens,10,10drones,RedflagsEnum.answer,3,a0.1-9,0,127,0.0,0.13481953290870488,1
5006,C1,0,0,0,0,0,0,SetState.use_set_state_minimal,argmax,10,10drones,RedflagsEnum.answer,3,a0.1-9,2,390,0.2,0.4140127388535032,1
5006,C1,0,0,0,0,0,0,SetState.use_set_state_minimal,greedy_drone,10,10drones,RedflagsEnum.answer,3,a0.1-9,1,178,0.1,0.18895966029723993,1
5006,C1,0,0,0,0,0,0,SetState.use_set_state_minimal,greedy_ens,10,10drones,RedflagsEnum.answer,3,a0.1-9,0,21,0.0,0.022292993630573247,1
5006,deep,1,1,1,1,1,1,SetState.use_set_state_minimal,greedy_drone,10,10drones,RedflagsEnum.answer,3,a0.1-9,5,90,0.5,0.09554140127388536,1
5006,deep,1,1,1,1,1,1,SetState.use_set_state_minimal,greedy_ens,10,10drones,RedflagsEnum.answer,3,a0.1-9,0,16,0.0,0.016985138004246284,1
5006,deep,1,1,1,1,1,1,SetState.use_set_state_minimal,argmax,10,10drones,RedflagsEnum.answer,3,a0.1-9,1,291,0.1,0.3089171974522293,1
5006,deep,0,0,0,0,0,0,SetState.use_set_state_minimal,greedy_drone,10,10drones,RedflagsEnum.answer,3,a0.1-9,0,10,0.0,0.010615711252653927,1
5006,deep,0,0,0,0,0,0,SetState.use_set_state_minimal,argmax,10,10drones,RedflagsEnum.answer,3,a0.1-9,0,31,0.0,0.032908704883227176,1
5006,deep,0,0,0,0,0,0,SetState.use_set_state_minimal,greedy_ens,10,10drones,RedflagsEnum.answer,3,a0.1-9,0,24,0.0,0.025477707006369428,1
5005,deep,0,0,0,0,0,0,SetState.use_set_state_minimal,argmax,10,10drones,RedflagsEnum.answer,3,a0.1-9,0,27,0.0,0.028662420382165606,1
5005,deep,0,0,0,0,0,0,SetState.use_set_state_minimal,greedy_drone,10,10drones,RedflagsEnum.answer,3,a0.1-9,0,9,0.0,0.009554140127388535,1
5005,deep,0,0,0,0,0,0,SetState.use_set_state_minimal,greedy_ens,10,10drones,RedflagsEnum.answer,3,a0.1-9,0,23,0.0,0.024416135881104035,1
5005,deep,1,1,1,1,1,1,SetState.use_set_state_minimal,greedy_drone,10,10drones,RedflagsEnum.answer,3,a0.1-9,5,96,0.5,0.10191082802547771,1
5005,deep,1,1,1,1,1,1,SetState.use_set_state_minimal,argmax,10,10drones,RedflagsEnum.answer,3,a0.1-9,0,20,0.0,0.021231422505307854,1
5005,deep,1,1,1,1,1,1,SetState.use_set_state_minimal,greedy_ens,10,10drones,RedflagsEnum.answer,3,a0.1-9,0,17,0.0,0.018046709129511677,1
5005,C1,1,1,1,1,1,1,SetState.use_set_state_minimal,greedy_drone,10,10drones,RedflagsEnum.answer,3,a0.1-9,5,124,0.5,0.1316348195329087,1
5005,C1,1,1,1,1,1,1,SetState.use_set_state_minimal,argmax,10,10drones,RedflagsEnum.answer,3,a0.1-9,2,388,0.2,0.4118895966029724,1
5005,C1,1,1,1,1,1,1,SetState.use_set_state_minimal,greedy_ens,10,10drones,RedflagsEnum.answer,3,a0.1-9,0,12,0.0,0.012738853503184714,1
5005,C1,0,0,0,0,0,0,SetState.use_set_state_minimal,greedy_drone,10,10drones,RedflagsEnum.answer,3,a0.1-9,1,270,0.1,0.28662420382165604,1
5005,C1,0,0,0,0,0,0,SetState.use_set_state_minimal,greedy_ens,10,10drones,RedflagsEnum.answer,3,a0.1-9,0,23,0.0,0.024416135881104035,1
5005,C1,0,0,0,0,0,0,SetState.use_set_state_minimal,argmax,10,10drones,RedflagsEnum.answer,3,a0.1-9,0,49,0.0,0.05201698513800425,1
5004,deep,1,1,1,1,1,1,SetState.use_set_state_minimal,greedy_drone,10,10drones,RedflagsEnum.answer,3,a0.1-9,3,111,0.3,0.1178343949044586,1
5004,deep,1,1,1,1,1,1,SetState.use_set_state_minimal,argmax,10,10drones,RedflagsEnum.answer,3,a0.1-9,0,30,0.0,0.03184713375796178,1
5004,deep,1,1,1,1,1,1,SetState.use_set_state_minimal,greedy_ens,10,10drones,RedflagsEnum.answer,3,a0.1-9,0,3,0.0,0.0031847133757961785,1
5004,deep,0,0,0,0,0,0,SetState.use_set_state_minimal,argmax,10,10drones,RedflagsEnum.answer,3,a0.1-9,0,20,0.0,0.021231422505307854,1
5004,deep,0,0,0,0,0,0,SetState.use_set_state_minimal,greedy_drone,10,10drones,RedflagsEnum.answer,3,a0.1-9,0,6,0.0,0.006369426751592357,1
5004,deep,0,0,0,0,0,0,SetState.use_set_state_minimal,greedy_ens,10,10drones,RedflagsEnum.answer,3,a0.1-9,0,5,0.0,0.005307855626326964,1
5004,C1,1,1,1,1,1,1,SetState.use_set_state_minimal,greedy_drone,10,10drones,RedflagsEnum.answer,3,a0.1-9,5,96,0.5,0.10191082802547771,1
5004,C1,1,1,1,1,1,1,SetState.use_set_state_minimal,argmax,10,10drones,RedflagsEnum.answer,3,a0.1-9,0,136,0.0,0.14437367303609341,1
5004,C1,1,1,1,1,1,1,SetState.use_set_state_minimal,greedy_ens,10,10drones,RedflagsEnum.answer,3,a0.1-9,0,4,0.0,0.004246284501061571,1
5004,C1,0,0,0,0,0,0,SetState.use_set_state_minimal,greedy_drone,10,10drones,RedflagsEnum.answer,3,a0.1-9,2,255,0.2,0.27070063694267515,1
5004,C1,0,0,0,0,0,0,SetState.use_set_state_minimal,argmax,10,10drones,RedflagsEnum.answer,3,a0.1-9,2,405,0.2,0.4299363057324841,1
5004,C1,0,0,0,0,0,0,SetState.use_set_state_minimal,greedy_ens,10,10drones,RedflagsEnum.answer,3,a0.1-9,0,10,0.0,0.010615711252653927,1
5003,C1,1,1,1,1,1,1,SetState.use_set_state_minimal,greedy_drone,10,10drones,RedflagsEnum.answer,3,a0.1-9,5,58,0.5,0.06157112526539278,1
5003,C1,1,1,1,1,1,1,SetState.use_set_state_minimal,argmax,10,10drones,RedflagsEnum.answer,3,a0.1-9,0,125,0.0,0.1326963906581741,1
5003,C1,1,1,1,1,1,1,SetState.use_set_state_minimal,greedy_ens,10,10drones,RedflagsEnum.answer,3,a0.1-9,0,4,0.0,0.004246284501061571,1
5003,C1,0,0,0,0,0,0,SetState.use_set_state_minimal,greedy_drone,10,10drones,RedflagsEnum.answer,3,a0.1-9,2,237,0.2,0.2515923566878981,1
5003,C1,0,0,0,0,0,0,SetState.use_set_state_minimal,argmax,10,10drones,RedflagsEnum.answer,3,a0.1-9,2,346,0.2,0.3673036093418259,1
5003,C1,0,0,0,0,0,0,SetState.use_set_state_minimal,greedy_ens,10,10drones,RedflagsEnum.answer,3,a0.1-9,0,95,0.0,0.10084925690021232,1
5003,deep,0,0,0,0,0,0,SetState.use_set_state_minimal,greedy_drone,10,10drones,RedflagsEnum.answer,3,a0.1-9,0,7,0.0,0.0074309978768577496,1
5003,deep,0,0,0,0,0,0,SetState.use_set_state_minimal,greedy_ens,10,10drones,RedflagsEnum.answer,3,a0.1-9,0,11,0.0,0.01167728237791932,1
5003,deep,0,0,0,0,0,0,SetState.use_set_state_minimal,argmax,10,10drones,RedflagsEnum.answer,3,a0.1-9,0,16,0.0,0.016985138004246284,1
5003,deep,1,1,1,1,1,1,SetState.use_set_state_minimal,greedy_drone,10,10drones,RedflagsEnum.answer,3,a0.1-9,5,91,0.5,0.09660297239915075,1
5003,deep,1,1,1,1,1,1,SetState.use_set_state_minimal,greedy_ens,10,10drones,RedflagsEnum.answer,3,a0.1-9,0,86,0.0,0.09129511677282377,1
5003,deep,1,1,1,1,1,1,SetState.use_set_state_minimal,argmax,10,10drones,RedflagsEnum.answer,3,a0.1-9,0,15,0.0,0.01592356687898089,1
5002,C1,1,1,1,1,1,1,SetState.use_set_state_minimal,greedy_drone,10,10drones,RedflagsEnum.answer,3,a0.1-9,5,109,0.5,0.11571125265392782,1
5002,C1,1,1,1,1,1,1,SetState.use_set_state_minimal,argmax,10,10drones,RedflagsEnum.answer,3,a0.1-9,0,121,0.0,0.12845010615711253,1
5002,C1,1,1,1,1,1,1,SetState.use_set_state_minimal,greedy_ens,10,10drones,RedflagsEnum.answer,3,a0.1-9,0,80,0.0,0.08492569002123142,1
5002,C1,0,0,0,0,0,0,SetState.use_set_state_minimal,greedy_ens,10,10drones,RedflagsEnum.answer,3,a0.1-9,0,16,0.0,0.016985138004246284,1
5002,C1,0,0,0,0,0,0,SetState.use_set_state_minimal,greedy_drone,10,10drones,RedflagsEnum.answer,3,a0.1-9,0,129,0.0,0.13694267515923567,1
5002,C1,0,0,0,0,0,0,SetState.use_set_state_minimal,argmax,10,10drones,RedflagsEnum.answer,3,a0.1-9,0,19,0.0,0.020169851380042462,1
5002,deep,1,1,1,1,1,1,SetState.use_set_state_minimal,greedy_drone,10,10drones,RedflagsEnum.answer,3,a0.1-9,2,274,0.2,0.2908704883227176,1
5002,deep,1,1,1,1,1,1,SetState.use_set_state_minimal,greedy_ens,10,10drones,RedflagsEnum.answer,3,a0.1-9,0,14,0.0,0.014861995753715499,1
5002,deep,1,1,1,1,1,1,SetState.use_set_state_minimal,argmax,10,10drones,RedflagsEnum.answer,3,a0.1-9,0,26,0.0,0.027600849256900213,1
5002,deep,0,0,0,0,0,0,SetState.use_set_state_minimal,greedy_ens,10,10drones,RedflagsEnum.answer,3,a0.1-9,0,26,0.0,0.027600849256900213,1
5002,deep,0,0,0,0,0,0,SetState.use_set_state_minimal,argmax,10,10drones,RedflagsEnum.answer,3,a0.1-9,0,19,0.0,0.020169851380042462,1
5002,deep,0,0,0,0,0,0,SetState.use_set_state_minimal,greedy_drone,10,10drones,RedflagsEnum.answer,3,a0.1-9,0,3,0.0,0.0031847133757961785,1
5001,deep,1,1,1,1,1,1,SetState.use_set_state_minimal,greedy_drone,10,10drones,RedflagsEnum.answer,3,a0.1-9,3,134,0.3,0.14225053078556263,1
5001,deep,1,1,1,1,1,1,SetState.use_set_state_minimal,argmax,10,10drones,RedflagsEnum.answer,3,a0.1-9,0,18,0.0,0.01910828025477707,1
5001,deep,1,1,1,1,1,1,SetState.use_set_state_minimal,greedy_ens,10,10drones,RedflagsEnum.answer,3,a0.1-9,0,5,0.0,0.005307855626326964,1
5001,deep,0,0,0,0,0,0,SetState.use_set_state_minimal,greedy_drone,10,10drones,RedflagsEnum.answer,3,a0.1-9,1,201,0.1,0.21337579617834396,1
5001,deep,0,0,0,0,0,0,SetState.use_set_state_minimal,argmax,10,10drones,RedflagsEnum.answer,3,a0.1-9,0,15,0.0,0.01592356687898089,1
5001,deep,0,0,0,0,0,0,SetState.use_set_state_minimal,greedy_ens,10,10drones,RedflagsEnum.answer,3,a0.1-9,0,5,0.0,0.005307855626326964,1
5001,C1,0,0,0,0,0,0,SetState.use_set_state_minimal,greedy_drone,10,10drones,RedflagsEnum.answer,3,a0.1-9,2,302,0.2,0.3205944798301486,1
5001,C1,0,0,0,0,0,0,SetState.use_set_state_minimal,greedy_ens,10,10drones,RedflagsEnum.answer,3,a0.1-9,0,63,0.0,0.06687898089171974,1
5001,C1,0,0,0,0,0,0,SetState.use_set_state_minimal,argmax,10,10drones,RedflagsEnum.answer,3,a0.1-9,0,15,0.0,0.01592356687898089,1
5001,C1,1,1,1,1,1,1,SetState.use_set_state_minimal,greedy_drone,10,10drones,RedflagsEnum.answer,3,a0.1-9,5,64,0.5,0.06794055201698514,1
5001,C1,1,1,1,1,1,1,SetState.use_set_state_minimal,argmax,10,10drones,RedflagsEnum.answer,3,a0.1-9,0,119,0.0,0.12632696390658174,1
5001,C1,1,1,1,1,1,1,SetState.use_set_state_minimal,greedy_ens,10,10drones,RedflagsEnum.answer,3,a0.1-9,0,49,0.0,0.05201698513800425,1
5009,default,0,0,0,0,0,0,SetState.use_set_state_minimal,baseline,10,10drones,RedflagsEnum.answer,3,none,1,331,0.1,0.351380042462845,1
5009,256B,1,1,1,1,1,1,SetState.use_set_state_minimal,greedy_ens,10,10drones,RedflagsEnum.answer,3,a0.1-9,0,92,0.0,0.09766454352441614,1
5009,256B,1,1,1,1,1,1,SetState.use_set_state_minimal,greedy_ens,10,10drones,RedflagsEnum.answer,3,f0.8-9,0,86,0.0,0.09129511677282377,1
5009,256B,1,1,1,1,1,1,SetState.use_set_state_minimal,greedy_ens,10,10drones,RedflagsEnum.answer,3,a0.1-5,0,94,0.0,0.09978768577494693,1
5009,256B,1,1,1,1,1,1,SetState.use_set_state_minimal,greedy_ens,10,10drones,RedflagsEnum.answer,3,B0.9-9,0,57,0.0,0.06050955414012739,1
5009,256B,1,1,1,1,1,1,SetState.use_set_state_minimal,greedy_ens,10,10drones,RedflagsEnum.answer,3,B0.5-9,0,24,0.0,0.025477707006369428,1
5009,256B,1,1,1,1,1,1,SetState.use_set_state_minimal,greedy_ens,10,10drones,RedflagsEnum.answer,3,none,0,75,0.0,0.07961783439490445,1
5009,256B,1,1,1,1,1,1,SetState.use_set_state_minimal,greedy_drone,10,10drones,RedflagsEnum.answer,3,a0.1-9,6,73,0.6,0.07749469214437367,1
5009,256B,1,1,1,1,1,1,SetState.use_set_state_minimal,greedy_drone,10,10drones,RedflagsEnum.answer,3,f0.8-9,6,105,0.6,0.11146496815286625,1
5009,256B,1,1,1,1,1,1,SetState.use_set_state_minimal,greedy_drone,10,10drones,RedflagsEnum.answer,3,a0.1-5,7,82,0.7,0.0870488322717622,1
5009,256B,1,1,1,1,1,1,SetState.use_set_state_minimal,greedy_drone,10,10drones,RedflagsEnum.answer,3,B0.9-9,6,78,0.6,0.08280254777070063,1
5009,256B,1,1,1,1,1,1,SetState.use_set_state_minimal,greedy_drone,10,10drones,RedflagsEnum.answer,3,B0.5-9,7,65,0.7,0.06900212314225053,1
5009,256B,1,1,1,1,1,1,SetState.use_set_state_minimal,greedy_drone,10,10drones,RedflagsEnum.answer,3,none,6,178,0.6,0.18895966029723993,1
5009,256B,1,1,1,1,1,1,SetState.use_set_state_minimal,argmax,10,10drones,RedflagsEnum.answer,3,a0.1-9,2,366,0.2,0.3885350318471338,1
5009,256B,1,1,1,1,1,1,SetState.use_set_state_minimal,argmax,10,10drones,RedflagsEnum.answer,3,f0.8-9,2,366,0.2,0.3885350318471338,1
5009,256B,1,1,1,1,1,1,SetState.use_set_state_minimal,argmax,10,10drones,RedflagsEnum.answer,3,a0.1-5,2,366,0.2,0.3885350318471338,1
5009,256B,1,1,1,1,1,1,SetState.use_set_state_minimal,argmax,10,10drones,RedflagsEnum.answer,3,B0.9-9,2,366,0.2,0.3885350318471338,1
5009,256B,1,1,1,1,1,1,SetState.use_set_state_minimal,argmax,10,10drones,RedflagsEnum.answer,3,B0.5-9,2,366,0.2,0.3885350318471338,1
5009,256B,1,1,1,1,1,1,SetState.use_set_state_minimal,argmax,10,10drones,RedflagsEnum.answer,3,none,2,349,0.2,0.37048832271762205,1
5009,256B,0,0,0,0,0,0,SetState.use_set_state_minimal,greedy_ens,10,10drones,RedflagsEnum.answer,3,a0.1-9,0,24,0.0,0.025477707006369428,1
5009,256B,0,0,0,0,0,0,SetState.use_set_state_minimal,greedy_ens,10,10drones,RedflagsEnum.answer,3,f0.8-9,0,6,0.0,0.006369426751592357,1
5009,256B,0,0,0,0,0,0,SetState.use_set_state_minimal,greedy_ens,10,10drones,RedflagsEnum.answer,3,a0.1-5,0,24,0.0,0.025477707006369428,1
5009,256B,0,0,0,0,0,0,SetState.use_set_state_minimal,greedy_ens,10,10drones,RedflagsEnum.answer,3,B0.9-9,0,61,0.0,0.06475583864118896,1
5009,256B,0,0,0,0,0,0,SetState.use_set_state_minimal,greedy_ens,10,10drones,RedflagsEnum.answer,3,B0.5-9,0,163,0.0,0.173036093418259,1
5009,256B,0,0,0,0,0,0,SetState.use_set_state_minimal,greedy_ens,10,10drones,RedflagsEnum.answer,3,none,3,251,0.3,0.2664543524416136,1
5009,256B,0,0,0,0,0,0,SetState.use_set_state_minimal,greedy_drone,10,10drones,RedflagsEnum.answer,3,a0.1-9,1,188,0.1,0.19957537154989385,1
5009,256B,0,0,0,0,0,0,SetState.use_set_state_minimal,greedy_drone,10,10drones,RedflagsEnum.answer,3,f0.8-9,1,274,0.1,0.2908704883227176,1
5009,256B,0,0,0,0,0,0,SetState.use_set_state_minimal,greedy_drone,10,10drones,RedflagsEnum.answer,3,a0.1-5,1,213,0.1,0.22611464968152867,1
5009,256B,0,0,0,0,0,0,SetState.use_set_state_minimal,greedy_drone,10,10drones,RedflagsEnum.answer,3,B0.9-9,1,229,0.1,0.24309978768577495,1
5009,256B,0,0,0,0,0,0,SetState.use_set_state_minimal,greedy_drone,10,10drones,RedflagsEnum.answer,3,B0.5-9,1,212,0.1,0.22505307855626328,1
5009,256B,0,0,0,0,0,0,SetState.use_set_state_minimal,greedy_drone,10,10drones,RedflagsEnum.answer,3,none,2,249,0.2,0.2643312101910828,1
5009,256B,0,0,0,0,0,0,SetState.use_set_state_minimal,argmax,10,10drones,RedflagsEnum.answer,3,a0.1-9,0,35,0.0,0.037154989384288746,1
5009,256B,0,0,0,0,0,0,SetState.use_set_state_minimal,argmax,10,10drones,RedflagsEnum.answer,3,f0.8-9,0,35,0.0,0.037154989384288746,1
5009,256B,0,0,0,0,0,0,SetState.use_set_state_minimal,argmax,10,10drones,RedflagsEnum.answer,3,a0.1-5,0,35,0.0,0.037154989384288746,1
5009,256B,0,0,0,0,0,0,SetState.use_set_state_minimal,argmax,10,10drones,RedflagsEnum.answer,3,B0.9-9,0,35,0.0,0.037154989384288746,1
5009,256B,0,0,0,0,0,0,SetState.use_set_state_minimal,argmax,10,10drones,RedflagsEnum.answer,3,B0.5-9,0,35,0.0,0.037154989384288746,1
5009,256B,0,0,0,0,0,0,SetState.use_set_state_minimal,argmax,10,10drones,RedflagsEnum.answer,3,none,3,301,0.3,0.3195329087048832,1
5008,default,0,0,0,0,0,0,SetState.use_set_state_minimal,baseline,10,10drones,RedflagsEnum.answer,3,none,1,372,0.1,0.39490445859872614,1
5008,256B,1,1,1,1,1,1,SetState.use_set_state_minimal,greedy_ens,10,10drones,RedflagsEnum.answer,3,a0.1-9,3,74,0.3,0.07855626326963906,1
5008,256B,1,1,1,1,1,1,SetState.use_set_state_minimal,greedy_ens,10,10drones,RedflagsEnum.answer,3,f0.8-9,0,114,0.0,0.12101910828025478,1
5008,256B,1,1,1,1,1,1,SetState.use_set_state_minimal,greedy_ens,10,10drones,RedflagsEnum.answer,3,a0.1-5,0,74,0.0,0.07855626326963906,1
5008,256B,1,1,1,1,1,1,SetState.use_set_state_minimal,greedy_ens,10,10drones,RedflagsEnum.answer,3,B0.9-9,0,36,0.0,0.03821656050955414,1
5008,256B,1,1,1,1,1,1,SetState.use_set_state_minimal,greedy_ens,10,10drones,RedflagsEnum.answer,3,B0.5-9,6,68,0.6,0.07218683651804671,1
5008,256B,1,1,1,1,1,1,SetState.use_set_state_minimal,greedy_ens,10,10drones,RedflagsEnum.answer,3,none,0,47,0.0,0.049893842887473464,1
5008,256B,1,1,1,1,1,1,SetState.use_set_state_minimal,greedy_drone,10,10drones,RedflagsEnum.answer,3,a0.1-9,4,121,0.4,0.12845010615711253,1
5008,256B,1,1,1,1,1,1,SetState.use_set_state_minimal,greedy_drone,10,10drones,RedflagsEnum.answer,3,f0.8-9,8,87,0.8,0.09235668789808917,1
5008,256B,1,1,1,1,1,1,SetState.use_set_state_minimal,greedy_drone,10,10drones,RedflagsEnum.answer,3,a0.1-5,7,86,0.7,0.09129511677282377,1
5008,256B,1,1,1,1,1,1,SetState.use_set_state_minimal,greedy_drone,10,10drones,RedflagsEnum.answer,3,B0.9-9,8,84,0.8,0.08917197452229299,1
5008,256B,1,1,1,1,1,1,SetState.use_set_state_minimal,greedy_drone,10,10drones,RedflagsEnum.answer,3,B0.5-9,7,78,0.7,0.08280254777070063,1
5008,256B,1,1,1,1,1,1,SetState.use_set_state_minimal,greedy_drone,10,10drones,RedflagsEnum.answer,3,none,5,144,0.5,0.15286624203821655,1
5008,256B,1,1,1,1,1,1,SetState.use_set_state_minimal,argmax,10,10drones,RedflagsEnum.answer,3,a0.1-9,2,343,0.2,0.3641188959660297,1
5008,256B,1,1,1,1,1,1,SetState.use_set_state_minimal,argmax,10,10drones,RedflagsEnum.answer,3,f0.8-9,2,343,0.2,0.3641188959660297,1
5008,256B,1,1,1,1,1,1,SetState.use_set_state_minimal,argmax,10,10drones,RedflagsEnum.answer,3,a0.1-5,2,343,0.2,0.3641188959660297,1
5008,256B,1,1,1,1,1,1,SetState.use_set_state_minimal,argmax,10,10drones,RedflagsEnum.answer,3,B0.9-9,2,343,0.2,0.3641188959660297,1
5008,256B,1,1,1,1,1,1,SetState.use_set_state_minimal,argmax,10,10drones,RedflagsEnum.answer,3,B0.5-9,2,343,0.2,0.3641188959660297,1
5008,256B,1,1,1,1,1,1,SetState.use_set_state_minimal,argmax,10,10drones,RedflagsEnum.answer,3,none,5,378,0.5,0.4012738853503185,1
5008,256B,0,0,0,0,0,0,SetState.use_set_state_minimal,greedy_ens,10,10drones,RedflagsEnum.answer,3,a0.1-9,0,35,0.0,0.037154989384288746,1
5008,256B,0,0,0,0,0,0,SetState.use_set_state_minimal,greedy_ens,10,10drones,RedflagsEnum.answer,3,f0.8-9,0,24,0.0,0.025477707006369428,1
5008,256B,0,0,0,0,0,0,SetState.use_set_state_minimal,greedy_ens,10,10drones,RedflagsEnum.answer,3,a0.1-5,0,66,0.0,0.07006369426751592,1
5008,256B,0,0,0,0,0,0,SetState.use_set_state_minimal,greedy_ens,10,10drones,RedflagsEnum.answer,3,B0.9-9,0,54,0.0,0.05732484076433121,1
5008,256B,0,0,0,0,0,0,SetState.use_set_state_minimal,greedy_ens,10,10drones,RedflagsEnum.answer,3,B0.5-9,0,70,0.0,0.07430997876857749,1
5008,256B,0,0,0,0,0,0,SetState.use_set_state_minimal,greedy_ens,10,10drones,RedflagsEnum.answer,3,none,0,126,0.0,0.1337579617834395,1
5008,256B,0,0,0,0,0,0,SetState.use_set_state_minimal,greedy_drone,10,10drones,RedflagsEnum.answer,3,a0.1-9,1,329,0.1,0.3492569002123142,1
5008,256B,0,0,0,0,0,0,SetState.use_set_state_minimal,greedy_drone,10,10drones,RedflagsEnum.answer,3,f0.8-9,0,91,0.0,0.09660297239915075,1
5008,256B,0,0,0,0,0,0,SetState.use_set_state_minimal,greedy_drone,10,10drones,RedflagsEnum.answer,3,a0.1-5,1,243,0.1,0.25796178343949044,1
5008,256B,0,0,0,0,0,0,SetState.use_set_state_minimal,greedy_drone,10,10drones,RedflagsEnum.answer,3,B0.9-9,1,329,0.1,0.3492569002123142,1
5008,256B,0,0,0,0,0,0,SetState.use_set_state_minimal,greedy_drone,10,10drones,RedflagsEnum.answer,3,B0.5-9,1,296,0.1,0.31422505307855625,1
5008,256B,0,0,0,0,0,0,SetState.use_set_state_minimal,greedy_drone,10,10drones,RedflagsEnum.answer,3,none,3,236,0.3,0.2505307855626327,1
5008,256B,0,0,0,0,0,0,SetState.use_set_state_minimal,argmax,10,10drones,RedflagsEnum.answer,3,a0.1-9,0,32,0.0,0.03397027600849257,1
5008,256B,0,0,0,0,0,0,SetState.use_set_state_minimal,argmax,10,10drones,RedflagsEnum.answer,3,f0.8-9,0,32,0.0,0.03397027600849257,1
5008,256B,0,0,0,0,0,0,SetState.use_set_state_minimal,argmax,10,10drones,RedflagsEnum.answer,3,a0.1-5,0,32,0.0,0.03397027600849257,1
5008,256B,0,0,0,0,0,0,SetState.use_set_state_minimal,argmax,10,10drones,RedflagsEnum.answer,3,B0.9-9,0,32,0.0,0.03397027600849257,1
5008,256B,0,0,0,0,0,0,SetState.use_set_state_minimal,argmax,10,10drones,RedflagsEnum.answer,3,B0.5-9,0,32,0.0,0.03397027600849257,1
5008,256B,0,0,0,0,0,0,SetState.use_set_state_minimal,argmax,10,10drones,RedflagsEnum.answer,3,none,3,268,0.3,0.28450106157112526,1
5007,default,0,0,0,0,0,0,SetState.use_set_state_minimal,baseline,10,10drones,RedflagsEnum.answer,3,none,1,295,0.1,0.31316348195329086,1
5007,256B,1,1,1,1,1,1,SetState.use_set_state_minimal,greedy_ens,10,10drones,RedflagsEnum.answer,3,a0.1-9,0,72,0.0,0.07643312101910828,1
5007,256B,1,1,1,1,1,1,SetState.use_set_state_minimal,greedy_ens,10,10drones,RedflagsEnum.answer,3,f0.8-9,0,107,0.0,0.11358811040339703,1
5007,256B,1,1,1,1,1,1,SetState.use_set_state_minimal,greedy_ens,10,10drones,RedflagsEnum.answer,3,a0.1-5,0,55,0.0,0.058386411889596604,1
5007,256B,1,1,1,1,1,1,SetState.use_set_state_minimal,greedy_ens,10,10drones,RedflagsEnum.answer,3,B0.9-9,7,91,0.7,0.09660297239915075,1
5007,256B,1,1,1,1,1,1,SetState.use_set_state_minimal,greedy_ens,10,10drones,RedflagsEnum.answer,3,B0.5-9,0,47,0.0,0.049893842887473464,1
5007,256B,1,1,1,1,1,1,SetState.use_set_state_minimal,greedy_ens,10,10drones,RedflagsEnum.answer,3,none,1,191,0.1,0.20276008492569003,1
5007,256B,1,1,1,1,1,1,SetState.use_set_state_minimal,greedy_drone,10,10drones,RedflagsEnum.answer,3,a0.1-9,7,66,0.7,0.07006369426751592,1
5007,256B,1,1,1,1,1,1,SetState.use_set_state_minimal,greedy_drone,10,10drones,RedflagsEnum.answer,3,f0.8-9,7,89,0.7,0.09447983014861996,1
5007,256B,1,1,1,1,1,1,SetState.use_set_state_minimal,greedy_drone,10,10drones,RedflagsEnum.answer,3,a0.1-5,6,90,0.6,0.09554140127388536,1
5007,256B,1,1,1,1,1,1,SetState.use_set_state_minimal,greedy_drone,10,10drones,RedflagsEnum.answer,3,B0.9-9,7,85,0.7,0.09023354564755838,1
5007,256B,1,1,1,1,1,1,SetState.use_set_state_minimal,greedy_drone,10,10drones,RedflagsEnum.answer,3,B0.5-9,7,79,0.7,0.08386411889596602,1
5007,256B,1,1,1,1,1,1,SetState.use_set_state_minimal,greedy_drone,10,10drones,RedflagsEnum.answer,3,none,6,129,0.6,0.13694267515923567,1
5007,256B,1,1,1,1,1,1,SetState.use_set_state_minimal,argmax,10,10drones,RedflagsEnum.answer,3,a0.1-9,2,325,0.2,0.34501061571125263,1
5007,256B,1,1,1,1,1,1,SetState.use_set_state_minimal,argmax,10,10drones,RedflagsEnum.answer,3,f0.8-9,2,325,0.2,0.34501061571125263,1
5007,256B,1,1,1,1,1,1,SetState.use_set_state_minimal,argmax,10,10drones,RedflagsEnum.answer,3,a0.1-5,2,325,0.2,0.34501061571125263,1
5007,256B,1,1,1,1,1,1,SetState.use_set_state_minimal,argmax,10,10drones,RedflagsEnum.answer,3,B0.9-9,2,325,0.2,0.34501061571125263,1
5007,256B,1,1,1,1,1,1,SetState.use_set_state_minimal,argmax,10,10drones,RedflagsEnum.answer,3,B0.5-9,2,325,0.2,0.34501061571125263,1
5007,256B,1,1,1,1,1,1,SetState.use_set_state_minimal,argmax,10,10drones,RedflagsEnum.answer,3,none,2,359,0.2,0.38110403397027603,1
5007,256B,0,0,0,0,0,0,SetState.use_set_state_minimal,greedy_ens,10,10drones,RedflagsEnum.answer,3,a0.1-9,0,52,0.0,0.055201698513800426,1
5007,256B,0,0,0,0,0,0,SetState.use_set_state_minimal,greedy_ens,10,10drones,RedflagsEnum.answer,3,f0.8-9,0,0,0.0,0.0,1
5007,256B,0,0,0,0,0,0,SetState.use_set_state_minimal,greedy_ens,10,10drones,RedflagsEnum.answer,3,a0.1-5,0,37,0.0,0.03927813163481953,1
5007,256B,0,0,0,0,0,0,SetState.use_set_state_minimal,greedy_ens,10,10drones,RedflagsEnum.answer,3,B0.9-9,0,65,0.0,0.06900212314225053,1
5007,256B,0,0,0,0,0,0,SetState.use_set_state_minimal,greedy_ens,10,10drones,RedflagsEnum.answer,3,B0.5-9,0,45,0.0,0.04777070063694268,1
5007,256B,0,0,0,0,0,0,SetState.use_set_state_minimal,greedy_ens,10,10drones,RedflagsEnum.answer,3,none,0,101,0.0,0.10721868365180467,1
5007,256B,0,0,0,0,0,0,SetState.use_set_state_minimal,greedy_drone,10,10drones,RedflagsEnum.answer,3,a0.1-9,1,212,0.1,0.22505307855626328,1
5007,256B,0,0,0,0,0,0,SetState.use_set_state_minimal,greedy_drone,10,10drones,RedflagsEnum.answer,3,f0.8-9,0,102,0.0,0.10828025477707007,1
5007,256B,0,0,0,0,0,0,SetState.use_set_state_minimal,greedy_drone,10,10drones,RedflagsEnum.answer,3,a0.1-5,0,104,0.0,0.11040339702760085,1
5007,256B,0,0,0,0,0,0,SetState.use_set_state_minimal,greedy_drone,10,10drones,RedflagsEnum.answer,3,B0.9-9,1,211,0.1,0.22399150743099788,1
5007,256B,0,0,0,0,0,0,SetState.use_set_state_minimal,greedy_drone,10,10drones,RedflagsEnum.answer,3,B0.5-9,0,104,0.0,0.11040339702760085,1
5007,256B,0,0,0,0,0,0,SetState.use_set_state_minimal,greedy_drone,10,10drones,RedflagsEnum.answer,3,none,2,285,0.2,0.30254777070063693,1
5007,256B,0,0,0,0,0,0,SetState.use_set_state_minimal,argmax,10,10drones,RedflagsEnum.answer,3,a0.1-9,0,40,0.0,0.04246284501061571,1
5007,256B,0,0,0,0,0,0,SetState.use_set_state_minimal,argmax,10,10drones,RedflagsEnum.answer,3,f0.8-9,0,40,0.0,0.04246284501061571,1
5007,256B,0,0,0,0,0,0,SetState.use_set_state_minimal,argmax,10,10drones,RedflagsEnum.answer,3,a0.1-5,0,40,0.0,0.04246284501061571,1
5007,256B,0,0,0,0,0,0,SetState.use_set_state_minimal,argmax,10,10drones,RedflagsEnum.answer,3,B0.9-9,0,40,0.0,0.04246284501061571,1
5007,256B,0,0,0,0,0,0,SetState.use_set_state_minimal,argmax,10,10drones,RedflagsEnum.answer,3,B0.5-9,0,40,0.0,0.04246284501061571,1
5007,256B,0,0,0,0,0,0,SetState.use_set_state_minimal,argmax,10,10drones,RedflagsEnum.answer,3,none,2,363,0.2,0.3853503184713376,1
5006,default,0,0,0,0,0,0,SetState.use_set_state_minimal,baseline,10,10drones,RedflagsEnum.answer,3,none,1,327,0.1,0.3471337579617834,1
5006,256B,1,1,1,1,1,1,SetState.use_set_state_minimal,greedy_ens,10,10drones,RedflagsEnum.answer,3,a0.1-9,0,35,0.0,0.037154989384288746,1
5006,256B,1,1,1,1,1,1,SetState.use_set_state_minimal,greedy_ens,10,10drones,RedflagsEnum.answer,3,f0.8-9,0,83,0.0,0.0881104033970276,1
5006,256B,1,1,1,1,1,1,SetState.use_set_state_minimal,greedy_ens,10,10drones,RedflagsEnum.answer,3,a0.1-5,0,169,0.0,0.17940552016985137,1
5006,256B,1,1,1,1,1,1,SetState.use_set_state_minimal,greedy_ens,10,10drones,RedflagsEnum.answer,3,B0.9-9,0,78,0.0,0.08280254777070063,1
5006,256B,1,1,1,1,1,1,SetState.use_set_state_minimal,greedy_ens,10,10drones,RedflagsEnum.answer,3,B0.5-9,0,158,0.0,0.16772823779193205,1
5006,256B,1,1,1,1,1,1,SetState.use_set_state_minimal,greedy_ens,10,10drones,RedflagsEnum.answer,3,none,0,131,0.0,0.13906581740976645,1
5006,256B,1,1,1,1,1,1,SetState.use_set_state_minimal,greedy_drone,10,10drones,RedflagsEnum.answer,3,a0.1-9,8,76,0.8,0.08067940552016985,1
5006,256B,1,1,1,1,1,1,SetState.use_set_state_minimal,greedy_drone,10,10drones,RedflagsEnum.answer,3,f0.8-9,7,63,0.7,0.06687898089171974,1
5006,256B,1,1,1,1,1,1,SetState.use_set_state_minimal,greedy_drone,10,10drones,RedflagsEnum.answer,3,a0.1-5,5,70,0.5,0.07430997876857749,1
5006,256B,1,1,1,1,1,1,SetState.use_set_state_minimal,greedy_drone,10,10drones,RedflagsEnum.answer,3,B0.9-9,6,73,0.6,0.07749469214437367,1
5006,256B,1,1,1,1,1,1,SetState.use_set_state_minimal,greedy_drone,10,10drones,RedflagsEnum.answer,3,B0.5-9,7,98,0.7,0.1040339702760085,1
5006,256B,1,1,1,1,1,1,SetState.use_set_state_minimal,greedy_drone,10,10drones,RedflagsEnum.answer,3,none,5,169,0.5,0.17940552016985137,1
5006,256B,1,1,1,1,1,1,SetState.use_set_state_minimal,argmax,10,10drones,RedflagsEnum.answer,3,a0.1-9,2,390,0.2,0.4140127388535032,1
5006,256B,1,1,1,1,1,1,SetState.use_set_state_minimal,argmax,10,10drones,RedflagsEnum.answer,3,f0.8-9,2,390,0.2,0.4140127388535032,1
5006,256B,1,1,1,1,1,1,SetState.use_set_state_minimal,argmax,10,10drones,RedflagsEnum.answer,3,a0.1-5,2,390,0.2,0.4140127388535032,1
5006,256B,1,1,1,1,1,1,SetState.use_set_state_minimal,argmax,10,10drones,RedflagsEnum.answer,3,B0.9-9,2,390,0.2,0.4140127388535032,1
5006,256B,1,1,1,1,1,1,SetState.use_set_state_minimal,argmax,10,10drones,RedflagsEnum.answer,3,B0.5-9,2,390,0.2,0.4140127388535032,1
5006,256B,1,1,1,1,1,1,SetState.use_set_state_minimal,argmax,10,10drones,RedflagsEnum.answer,3,none,5,308,0.5,0.32696390658174096,1
5006,256B,0,0,0,0,0,0,SetState.use_set_state_minimal,greedy_ens,10,10drones,RedflagsEnum.answer,3,a0.1-9,0,13,0.0,0.013800424628450107,1
5006,256B,0,0,0,0,0,0,SetState.use_set_state_minimal,greedy_ens,10,10drones,RedflagsEnum.answer,3,f0.8-9,0,14,0.0,0.014861995753715499,1
5006,256B,0,0,0,0,0,0,SetState.use_set_state_minimal,greedy_ens,10,10drones,RedflagsEnum.answer,3,a0.1-5,0,85,0.0,0.09023354564755838,1
5006,256B,0,0,0,0,0,0,SetState.use_set_state_minimal,greedy_ens,10,10drones,RedflagsEnum.answer,3,B0.9-9,0,94,0.0,0.09978768577494693,1
5006,256B,0,0,0,0,0,0,SetState.use_set_state_minimal,greedy_ens,10,10drones,RedflagsEnum.answer,3,B0.5-9,0,260,0.0,0.2760084925690021,1
5006,256B,0,0,0,0,0,0,SetState.use_set_state_minimal,greedy_ens,10,10drones,RedflagsEnum.answer,3,none,1,302,0.1,0.3205944798301486,1
5006,256B,0,0,0,0,0,0,SetState.use_set_state_minimal,greedy_drone,10,10drones,RedflagsEnum.answer,3,a0.1-9,1,199,0.1,0.21125265392781317,1
5006,256B,0,0,0,0,0,0,SetState.use_set_state_minimal,greedy_drone,10,10drones,RedflagsEnum.answer,3,f0.8-9,1,234,0.1,0.2484076433121019,1
5006,256B,0,0,0,0,0,0,SetState.use_set_state_minimal,greedy_drone,10,10drones,RedflagsEnum.answer,3,a0.1-5,1,313,0.1,0.3322717622080679,1
5006,256B,0,0,0,0,0,0,SetState.use_set_state_minimal,greedy_drone,10,10drones,RedflagsEnum.answer,3,B0.9-9,0,29,0.0,0.03078556263269639,1
5006,256B,0,0,0,0,0,0,SetState.use_set_state_minimal,greedy_drone,10,10drones,RedflagsEnum.answer,3,B0.5-9,2,307,0.2,0.32590233545647557,1
5006,256B,0,0,0,0,0,0,SetState.use_set_state_minimal,greedy_drone,10,10drones,RedflagsEnum.answer,3,none,3,227,0.3,0.24097664543524416,1
5006,256B,0,0,0,0,0,0,SetState.use_set_state_minimal,argmax,10,10drones,RedflagsEnum.answer,3,a0.1-9,0,39,0.0,0.041401273885350316,1
5006,256B,0,0,0,0,0,0,SetState.use_set_state_minimal,argmax,10,10drones,RedflagsEnum.answer,3,f0.8-9,0,39,0.0,0.041401273885350316,1
5006,256B,0,0,0,0,0,0,SetState.use_set_state_minimal,argmax,10,10drones,RedflagsEnum.answer,3,a0.1-5,0,39,0.0,0.041401273885350316,1
5006,256B,0,0,0,0,0,0,SetState.use_set_state_minimal,argmax,10,10drones,RedflagsEnum.answer,3,B0.9-9,0,39,0.0,0.041401273885350316,1
5006,256B,0,0,0,0,0,0,SetState.use_set_state_minimal,argmax,10,10drones,RedflagsEnum.answer,3,B0.5-9,0,39,0.0,0.041401273885350316,1
5006,256B,0,0,0,0,0,0,SetState.use_set_state_minimal,argmax,10,10drones,RedflagsEnum.answer,3,none,3,357,0.3,0.37898089171974525,1
5005,default,0,0,0,0,0,0,SetState.use_set_state_minimal,baseline,10,10drones,RedflagsEnum.answer,3,none,1,357,0.1,0.37898089171974525,1
5005,256B,1,1,1,1,1,1,SetState.use_set_state_minimal,greedy_ens,10,10drones,RedflagsEnum.answer,3,a0.1-9,6,88,0.6,0.09341825902335456,1
5005,256B,1,1,1,1,1,1,SetState.use_set_state_minimal,greedy_ens,10,10drones,RedflagsEnum.answer,3,f0.8-9,0,74,0.0,0.07855626326963906,1
5005,256B,1,1,1,1,1,1,SetState.use_set_state_minimal,greedy_ens,10,10drones,RedflagsEnum.answer,3,a0.1-5,0,92,0.0,0.09766454352441614,1
5005,256B,1,1,1,1,1,1,SetState.use_set_state_minimal,greedy_ens,10,10drones,RedflagsEnum.answer,3,B0.9-9,0,41,0.0,0.0435244161358811,1
5005,256B,1,1,1,1,1,1,SetState.use_set_state_minimal,greedy_ens,10,10drones,RedflagsEnum.answer,3,B0.5-9,1,152,0.1,0.1613588110403397,1
5005,256B,1,1,1,1,1,1,SetState.use_set_state_minimal,greedy_ens,10,10drones,RedflagsEnum.answer,3,none,0,92,0.0,0.09766454352441614,1
5005,256B,1,1,1,1,1,1,SetState.use_set_state_minimal,greedy_drone,10,10drones,RedflagsEnum.answer,3,a0.1-9,6,92,0.6,0.09766454352441614,1
5005,256B,1,1,1,1,1,1,SetState.use_set_state_minimal,greedy_drone,10,10drones,RedflagsEnum.answer,3,f0.8-9,5,93,0.5,0.09872611464968153,1
5005,256B,1,1,1,1,1,1,SetState.use_set_state_minimal,greedy_drone,10,10drones,RedflagsEnum.answer,3,a0.1-5,7,99,0.7,0.10509554140127389,1
5005,256B,1,1,1,1,1,1,SetState.use_set_state_minimal,greedy_drone,10,10drones,RedflagsEnum.answer,3,B0.9-9,7,97,0.7,0.1029723991507431,1
5005,256B,1,1,1,1,1,1,SetState.use_set_state_minimal,greedy_drone,10,10drones,RedflagsEnum.answer,3,B0.5-9,7,92,0.7,0.09766454352441614,1
5005,256B,1,1,1,1,1,1,SetState.use_set_state_minimal,greedy_drone,10,10drones,RedflagsEnum.answer,3,none,6,181,0.6,0.1921443736730361,1
5005,256B,1,1,1,1,1,1,SetState.use_set_state_minimal,argmax,10,10drones,RedflagsEnum.answer,3,a0.1-9,2,388,0.2,0.4118895966029724,1
5005,256B,1,1,1,1,1,1,SetState.use_set_state_minimal,argmax,10,10drones,RedflagsEnum.answer,3,f0.8-9,2,388,0.2,0.4118895966029724,1
5005,256B,1,1,1,1,1,1,SetState.use_set_state_minimal,argmax,10,10drones,RedflagsEnum.answer,3,a0.1-5,2,388,0.2,0.4118895966029724,1
5005,256B,1,1,1,1,1,1,SetState.use_set_state_minimal,argmax,10,10drones,RedflagsEnum.answer,3,B0.9-9,2,388,0.2,0.4118895966029724,1
5005,256B,1,1,1,1,1,1,SetState.use_set_state_minimal,argmax,10,10drones,RedflagsEnum.answer,3,B0.5-9,2,388,0.2,0.4118895966029724,1
5005,256B,1,1,1,1,1,1,SetState.use_set_state_minimal,argmax,10,10drones,RedflagsEnum.answer,3,none,2,327,0.2,0.3471337579617834,1
5005,256B,0,0,0,0,0,0,SetState.use_set_state_minimal,greedy_ens,10,10drones,RedflagsEnum.answer,3,a0.1-9,0,89,0.0,0.09447983014861996,1
5005,256B,0,0,0,0,0,0,SetState.use_set_state_minimal,greedy_ens,10,10drones,RedflagsEnum.answer,3,f0.8-9,0,9,0.0,0.009554140127388535,1
5005,256B,0,0,0,0,0,0,SetState.use_set_state_minimal,greedy_ens,10,10drones,RedflagsEnum.answer,3,a0.1-5,0,30,0.0,0.03184713375796178,1
5005,256B,0,0,0,0,0,0,SetState.use_set_state_minimal,greedy_ens,10,10drones,RedflagsEnum.answer,3,B0.9-9,0,75,0.0,0.07961783439490445,1
5005,256B,0,0,0,0,0,0,SetState.use_set_state_minimal,greedy_ens,10,10drones,RedflagsEnum.answer,3,B0.5-9,0,99,0.0,0.10509554140127389,1
5005,256B,0,0,0,0,0,0,SetState.use_set_state_minimal,greedy_ens,10,10drones,RedflagsEnum.answer,3,none,0,157,0.0,0.16666666666666666,1
5005,256B,0,0,0,0,0,0,SetState.use_set_state_minimal,greedy_drone,10,10drones,RedflagsEnum.answer,3,a0.1-9,1,239,0.1,0.2537154989384289,1
5005,256B,0,0,0,0,0,0,SetState.use_set_state_minimal,greedy_drone,10,10drones,RedflagsEnum.answer,3,f0.8-9,1,276,0.1,0.2929936305732484,1
5005,256B,0,0,0,0,0,0,SetState.use_set_state_minimal,greedy_drone,10,10drones,RedflagsEnum.answer,3,a0.1-5,1,277,0.1,0.2940552016985138,1
5005,256B,0,0,0,0,0,0,SetState.use_set_state_minimal,greedy_drone,10,10drones,RedflagsEnum.answer,3,B0.9-9,2,310,0.2,0.32908704883227174,1
5005,256B,0,0,0,0,0,0,SetState.use_set_state_minimal,greedy_drone,10,10drones,RedflagsEnum.answer,3,B0.5-9,1,276,0.1,0.2929936305732484,1
5005,256B,0,0,0,0,0,0,SetState.use_set_state_minimal,greedy_drone,10,10drones,RedflagsEnum.answer,3,none,3,251,0.3,0.2664543524416136,1
5005,256B,0,0,0,0,0,0,SetState.use_set_state_minimal,argmax,10,10drones,RedflagsEnum.answer,3,a0.1-9,0,49,0.0,0.05201698513800425,1
5005,256B,0,0,0,0,0,0,SetState.use_set_state_minimal,argmax,10,10drones,RedflagsEnum.answer,3,f0.8-9,0,49,0.0,0.05201698513800425,1
5005,256B,0,0,0,0,0,0,SetState.use_set_state_minimal,argmax,10,10drones,RedflagsEnum.answer,3,a0.1-5,0,49,0.0,0.05201698513800425,1
5005,256B,0,0,0,0,0,0,SetState.use_set_state_minimal,argmax,10,10drones,RedflagsEnum.answer,3,B0.9-9,0,49,0.0,0.05201698513800425,1
5005,256B,0,0,0,0,0,0,SetState.use_set_state_minimal,argmax,10,10drones,RedflagsEnum.answer,3,B0.5-9,0,49,0.0,0.05201698513800425,1
5005,256B,0,0,0,0,0,0,SetState.use_set_state_minimal,argmax,10,10drones,RedflagsEnum.answer,3,none,2,321,0.2,0.34076433121019106,1
5004,default,0,0,0,0,0,0,SetState.use_set_state_minimal,baseline,10,10drones,RedflagsEnum.answer,3,none,1,358,0.1,0.38004246284501064,1
5004,256B,1,1,1,1,1,1,SetState.use_set_state_minimal,greedy_ens,10,10drones,RedflagsEnum.answer,3,a0.1-9,1,84,0.1,0.08917197452229299,1
5004,256B,1,1,1,1,1,1,SetState.use_set_state_minimal,greedy_ens,10,10drones,RedflagsEnum.answer,3,f0.8-9,0,43,0.0,0.045647558386411886,1
5004,256B,1,1,1,1,1,1,SetState.use_set_state_minimal,greedy_ens,10,10drones,RedflagsEnum.answer,3,a0.1-5,0,37,0.0,0.03927813163481953,1
5004,256B,1,1,1,1,1,1,SetState.use_set_state_minimal,greedy_ens,10,10drones,RedflagsEnum.answer,3,B0.9-9,6,69,0.6,0.0732484076433121,1
5004,256B,1,1,1,1,1,1,SetState.use_set_state_minimal,greedy_ens,10,10drones,RedflagsEnum.answer,3,B0.5-9,0,88,0.0,0.09341825902335456,1
5004,256B,1,1,1,1,1,1,SetState.use_set_state_minimal,greedy_ens,10,10drones,RedflagsEnum.answer,3,none,0,42,0.0,0.044585987261146494,1
5004,256B,1,1,1,1,1,1,SetState.use_set_state_minimal,greedy_drone,10,10drones,RedflagsEnum.answer,3,a0.1-9,8,68,0.8,0.07218683651804671,1
5004,256B,1,1,1,1,1,1,SetState.use_set_state_minimal,greedy_drone,10,10drones,RedflagsEnum.answer,3,f0.8-9,8,68,0.8,0.07218683651804671,1
5004,256B,1,1,1,1,1,1,SetState.use_set_state_minimal,greedy_drone,10,10drones,RedflagsEnum.answer,3,a0.1-5,7,79,0.7,0.08386411889596602,1
5004,256B,1,1,1,1,1,1,SetState.use_set_state_minimal,greedy_drone,10,10drones,RedflagsEnum.answer,3,B0.9-9,5,72,0.5,0.07643312101910828,1
5004,256B,1,1,1,1,1,1,SetState.use_set_state_minimal,greedy_drone,10,10drones,RedflagsEnum.answer,3,B0.5-9,7,88,0.7,0.09341825902335456,1
5004,256B,1,1,1,1,1,1,SetState.use_set_state_minimal,greedy_drone,10,10drones,RedflagsEnum.answer,3,none,4,173,0.4,0.18365180467091294,1
5004,256B,1,1,1,1,1,1,SetState.use_set_state_minimal,argmax,10,10drones,RedflagsEnum.answer,3,a0.1-9,2,405,0.2,0.4299363057324841,1
5004,256B,1,1,1,1,1,1,SetState.use_set_state_minimal,argmax,10,10drones,RedflagsEnum.answer,3,f0.8-9,2,405,0.2,0.4299363057324841,1
5004,256B,1,1,1,1,1,1,SetState.use_set_state_minimal,argmax,10,10drones,RedflagsEnum.answer,3,a0.1-5,2,405,0.2,0.4299363057324841,1
5004,256B,1,1,1,1,1,1,SetState.use_set_state_minimal,argmax,10,10drones,RedflagsEnum.answer,3,B0.9-9,2,405,0.2,0.4299363057324841,1
5004,256B,1,1,1,1,1,1,SetState.use_set_state_minimal,argmax,10,10drones,RedflagsEnum.answer,3,B0.5-9,2,405,0.2,0.4299363057324841,1
5004,256B,1,1,1,1,1,1,SetState.use_set_state_minimal,argmax,10,10drones,RedflagsEnum.answer,3,none,5,248,0.5,0.2632696390658174,1
5004,256B,0,0,0,0,0,0,SetState.use_set_state_minimal,greedy_ens,10,10drones,RedflagsEnum.answer,3,a0.1-9,0,85,0.0,0.09023354564755838,1
5004,256B,0,0,0,0,0,0,SetState.use_set_state_minimal,greedy_ens,10,10drones,RedflagsEnum.answer,3,f0.8-9,0,4,0.0,0.004246284501061571,1
5004,256B,0,0,0,0,0,0,SetState.use_set_state_minimal,greedy_ens,10,10drones,RedflagsEnum.answer,3,a0.1-5,0,4,0.0,0.004246284501061571,1
5004,256B,0,0,0,0,0,0,SetState.use_set_state_minimal,greedy_ens,10,10drones,RedflagsEnum.answer,3,B0.9-9,0,44,0.0,0.04670912951167728,1
5004,256B,0,0,0,0,0,0,SetState.use_set_state_minimal,greedy_ens,10,10drones,RedflagsEnum.answer,3,B0.5-9,0,42,0.0,0.044585987261146494,1
5004,256B,0,0,0,0,0,0,SetState.use_set_state_minimal,greedy_ens,10,10drones,RedflagsEnum.answer,3,none,1,276,0.1,0.2929936305732484,1
5004,256B,0,0,0,0,0,0,SetState.use_set_state_minimal,greedy_drone,10,10drones,RedflagsEnum.answer,3,a0.1-9,1,316,0.1,0.3354564755838641,1
5004,256B,0,0,0,0,0,0,SetState.use_set_state_minimal,greedy_drone,10,10drones,RedflagsEnum.answer,3,f0.8-9,1,250,0.1,0.2653927813163482,1
5004,256B,0,0,0,0,0,0,SetState.use_set_state_minimal,greedy_drone,10,10drones,RedflagsEnum.answer,3,a0.1-5,1,234,0.1,0.2484076433121019,1
5004,256B,0,0,0,0,0,0,SetState.use_set_state_minimal,greedy_drone,10,10drones,RedflagsEnum.answer,3,B0.9-9,1,262,0.1,0.2781316348195329,1
5004,256B,0,0,0,0,0,0,SetState.use_set_state_minimal,greedy_drone,10,10drones,RedflagsEnum.answer,3,B0.5-9,1,266,0.1,0.2823779193205945,1
5004,256B,0,0,0,0,0,0,SetState.use_set_state_minimal,greedy_drone,10,10drones,RedflagsEnum.answer,3,none,3,277,0.3,0.2940552016985138,1
5004,256B,0,0,0,0,0,0,SetState.use_set_state_minimal,argmax,10,10drones,RedflagsEnum.answer,3,a0.1-9,0,48,0.0,0.050955414012738856,1
5004,256B,0,0,0,0,0,0,SetState.use_set_state_minimal,argmax,10,10drones,RedflagsEnum.answer,3,f0.8-9,0,48,0.0,0.050955414012738856,1
5004,256B,0,0,0,0,0,0,SetState.use_set_state_minimal,argmax,10,10drones,RedflagsEnum.answer,3,a0.1-5,0,48,0.0,0.050955414012738856,1
5004,256B,0,0,0,0,0,0,SetState.use_set_state_minimal,argmax,10,10drones,RedflagsEnum.answer,3,B0.9-9,0,48,0.0,0.050955414012738856,1
5004,256B,0,0,0,0,0,0,SetState.use_set_state_minimal,argmax,10,10drones,RedflagsEnum.answer,3,B0.5-9,0,48,0.0,0.050955414012738856,1
5004,256B,0,0,0,0,0,0,SetState.use_set_state_minimal,argmax,10,10drones,RedflagsEnum.answer,3,none,4,334,0.4,0.35456475583864117,1
5003,default,0,0,0,0,0,0,SetState.use_set_state_minimal,baseline,10,10drones,RedflagsEnum.answer,3,none,1,324,0.1,0.34394904458598724,1
5003,256B,1,1,1,1,1,1,SetState.use_set_state_minimal,greedy_ens,10,10drones,RedflagsEnum.answer,3,a0.1-9,0,54,0.0,0.05732484076433121,1
5003,256B,1,1,1,1,1,1,SetState.use_set_state_minimal,greedy_ens,10,10drones,RedflagsEnum.answer,3,f0.8-9,0,66,0.0,0.07006369426751592,1
5003,256B,1,1,1,1,1,1,SetState.use_set_state_minimal,greedy_ens,10,10drones,RedflagsEnum.answer,3,a0.1-5,0,82,0.0,0.0870488322717622,1
5003,256B,1,1,1,1,1,1,SetState.use_set_state_minimal,greedy_ens,10,10drones,RedflagsEnum.answer,3,B0.9-9,7,55,0.7,0.058386411889596604,1
5003,256B,1,1,1,1,1,1,SetState.use_set_state_minimal,greedy_ens,10,10drones,RedflagsEnum.answer,3,B0.5-9,0,173,0.0,0.18365180467091294,1
5003,256B,1,1,1,1,1,1,SetState.use_set_state_minimal,greedy_ens,10,10drones,RedflagsEnum.answer,3,none,0,115,0.0,0.12208067940552017,1
5003,256B,1,1,1,1,1,1,SetState.use_set_state_minimal,greedy_drone,10,10drones,RedflagsEnum.answer,3,a0.1-9,7,69,0.7,0.0732484076433121,1
5003,256B,1,1,1,1,1,1,SetState.use_set_state_minimal,greedy_drone,10,10drones,RedflagsEnum.answer,3,f0.8-9,6,101,0.6,0.10721868365180467,1
5003,256B,1,1,1,1,1,1,SetState.use_set_state_minimal,greedy_drone,10,10drones,RedflagsEnum.answer,3,a0.1-5,7,82,0.7,0.0870488322717622,1
5003,256B,1,1,1,1,1,1,SetState.use_set_state_minimal,greedy_drone,10,10drones,RedflagsEnum.answer,3,B0.9-9,7,98,0.7,0.1040339702760085,1
5003,256B,1,1,1,1,1,1,SetState.use_set_state_minimal,greedy_drone,10,10drones,RedflagsEnum.answer,3,B0.5-9,7,98,0.7,0.1040339702760085,1
5003,256B,1,1,1,1,1,1,SetState.use_set_state_minimal,greedy_drone,10,10drones,RedflagsEnum.answer,3,none,4,213,0.4,0.22611464968152867,1
5003,256B,1,1,1,1,1,1,SetState.use_set_state_minimal,argmax,10,10drones,RedflagsEnum.answer,3,a0.1-9,2,346,0.2,0.3673036093418259,1
5003,256B,1,1,1,1,1,1,SetState.use_set_state_minimal,argmax,10,10drones,RedflagsEnum.answer,3,f0.8-9,2,346,0.2,0.3673036093418259,1
5003,256B,1,1,1,1,1,1,SetState.use_set_state_minimal,argmax,10,10drones,RedflagsEnum.answer,3,a0.1-5,2,346,0.2,0.3673036093418259,1
5003,256B,1,1,1,1,1,1,SetState.use_set_state_minimal,argmax,10,10drones,RedflagsEnum.answer,3,B0.9-9,2,346,0.2,0.3673036093418259,1
5003,256B,1,1,1,1,1,1,SetState.use_set_state_minimal,argmax,10,10drones,RedflagsEnum.answer,3,B0.5-9,2,346,0.2,0.3673036093418259,1
5003,256B,1,1,1,1,1,1,SetState.use_set_state_minimal,argmax,10,10drones,RedflagsEnum.answer,3,none,2,318,0.2,0.3375796178343949,1
5003,256B,0,0,0,0,0,0,SetState.use_set_state_minimal,greedy_ens,10,10drones,RedflagsEnum.answer,3,a0.1-9,0,107,0.0,0.11358811040339703,1
5003,256B,0,0,0,0,0,0,SetState.use_set_state_minimal,greedy_ens,10,10drones,RedflagsEnum.answer,3,f0.8-9,0,5,0.0,0.005307855626326964,1
5003,256B,0,0,0,0,0,0,SetState.use_set_state_minimal,greedy_ens,10,10drones,RedflagsEnum.answer,3,a0.1-5,0,20,0.0,0.021231422505307854,1
5003,256B,0,0,0,0,0,0,SetState.use_set_state_minimal,greedy_ens,10,10drones,RedflagsEnum.answer,3,B0.9-9,0,88,0.0,0.09341825902335456,1
5003,256B,0,0,0,0,0,0,SetState.use_set_state_minimal,greedy_ens,10,10drones,RedflagsEnum.answer,3,B0.5-9,2,113,0.2,0.11995753715498939,1
5003,256B,0,0,0,0,0,0,SetState.use_set_state_minimal,greedy_ens,10,10drones,RedflagsEnum.answer,3,none,0,176,0.0,0.18683651804670912,1
5003,256B,0,0,0,0,0,0,SetState.use_set_state_minimal,greedy_drone,10,10drones,RedflagsEnum.answer,3,a0.1-9,1,204,0.1,0.21656050955414013,1
5003,256B,0,0,0,0,0,0,SetState.use_set_state_minimal,greedy_drone,10,10drones,RedflagsEnum.answer,3,f0.8-9,1,238,0.1,0.2526539278131635,1
5003,256B,0,0,0,0,0,0,SetState.use_set_state_minimal,greedy_drone,10,10drones,RedflagsEnum.answer,3,a0.1-5,1,270,0.1,0.28662420382165604,1
5003,256B,0,0,0,0,0,0,SetState.use_set_state_minimal,greedy_drone,10,10drones,RedflagsEnum.answer,3,B0.9-9,1,243,0.1,0.25796178343949044,1
5003,256B,0,0,0,0,0,0,SetState.use_set_state_minimal,greedy_drone,10,10drones,RedflagsEnum.answer,3,B0.5-9,1,282,0.1,0.29936305732484075,1
5003,256B,0,0,0,0,0,0,SetState.use_set_state_minimal,greedy_drone,10,10drones,RedflagsEnum.answer,3,none,2,277,0.2,0.2940552016985138,1
5003,256B,0,0,0,0,0,0,SetState.use_set_state_minimal,argmax,10,10drones,RedflagsEnum.answer,3,a0.1-9,0,36,0.0,0.03821656050955414,1
5003,256B,0,0,0,0,0,0,SetState.use_set_state_minimal,argmax,10,10drones,RedflagsEnum.answer,3,f0.8-9,0,36,0.0,0.03821656050955414,1
5003,256B,0,0,0,0,0,0,SetState.use_set_state_minimal,argmax,10,10drones,RedflagsEnum.answer,3,a0.1-5,0,36,0.0,0.03821656050955414,1
5003,256B,0,0,0,0,0,0,SetState.use_set_state_minimal,argmax,10,10drones,RedflagsEnum.answer,3,B0.9-9,0,36,0.0,0.03821656050955414,1
5003,256B,0,0,0,0,0,0,SetState.use_set_state_minimal,argmax,10,10drones,RedflagsEnum.answer,3,B0.5-9,0,36,0.0,0.03821656050955414,1
5003,256B,0,0,0,0,0,0,SetState.use_set_state_minimal,argmax,10,10drones,RedflagsEnum.answer,3,none,2,382,0.2,0.40552016985138006,1
5002,default,0,0,0,0,0,0,SetState.use_set_state_minimal,baseline,10,10drones,RedflagsEnum.answer,3,none,1,320,0.1,0.33970276008492567,1
5002,256B,1,1,1,1,1,1,SetState.use_set_state_minimal,greedy_ens,10,10drones,RedflagsEnum.answer,3,a0.1-9,6,80,0.6,0.08492569002123142,1
5002,256B,1,1,1,1,1,1,SetState.use_set_state_minimal,greedy_ens,10,10drones,RedflagsEnum.answer,3,f0.8-9,0,113,0.0,0.11995753715498939,1
5002,256B,1,1,1,1,1,1,SetState.use_set_state_minimal,greedy_ens,10,10drones,RedflagsEnum.answer,3,a0.1-5,0,56,0.0,0.059447983014861996,1
5002,256B,1,1,1,1,1,1,SetState.use_set_state_minimal,greedy_ens,10,10drones,RedflagsEnum.answer,3,B0.9-9,0,94,0.0,0.09978768577494693,1
5002,256B,1,1,1,1,1,1,SetState.use_set_state_minimal,greedy_ens,10,10drones,RedflagsEnum.answer,3,B0.5-9,0,41,0.0,0.0435244161358811,1
5002,256B,1,1,1,1,1,1,SetState.use_set_state_minimal,greedy_ens,10,10drones,RedflagsEnum.answer,3,none,0,49,0.0,0.05201698513800425,1
5002,256B,1,1,1,1,1,1,SetState.use_set_state_minimal,greedy_drone,10,10drones,RedflagsEnum.answer,3,a0.1-9,6,87,0.6,0.09235668789808917,1
5002,256B,1,1,1,1,1,1,SetState.use_set_state_minimal,greedy_drone,10,10drones,RedflagsEnum.answer,3,f0.8-9,7,83,0.7,0.0881104033970276,1
5002,256B,1,1,1,1,1,1,SetState.use_set_state_minimal,greedy_drone,10,10drones,RedflagsEnum.answer,3,a0.1-5,6,87,0.6,0.09235668789808917,1
5002,256B,1,1,1,1,1,1,SetState.use_set_state_minimal,greedy_drone,10,10drones,RedflagsEnum.answer,3,B0.9-9,7,86,0.7,0.09129511677282377,1
5002,256B,1,1,1,1,1,1,SetState.use_set_state_minimal,greedy_drone,10,10drones,RedflagsEnum.answer,3,B0.5-9,7,65,0.7,0.06900212314225053,1
5002,256B,1,1,1,1,1,1,SetState.use_set_state_minimal,greedy_drone,10,10drones,RedflagsEnum.answer,3,none,5,138,0.5,0.1464968152866242,1
5002,256B,1,1,1,1,1,1,SetState.use_set_state_minimal,argmax,10,10drones,RedflagsEnum.answer,3,a0.1-9,2,319,0.2,0.3386411889596603,1
5002,256B,1,1,1,1,1,1,SetState.use_set_state_minimal,argmax,10,10drones,RedflagsEnum.answer,3,f0.8-9,2,319,0.2,0.3386411889596603,1
5002,256B,1,1,1,1,1,1,SetState.use_set_state_minimal,argmax,10,10drones,RedflagsEnum.answer,3,a0.1-5,2,319,0.2,0.3386411889596603,1
5002,256B,1,1,1,1,1,1,SetState.use_set_state_minimal,argmax,10,10drones,RedflagsEnum.answer,3,B0.9-9,2,319,0.2,0.3386411889596603,1
5002,256B,1,1,1,1,1,1,SetState.use_set_state_minimal,argmax,10,10drones,RedflagsEnum.answer,3,B0.5-9,2,319,0.2,0.3386411889596603,1
5002,256B,1,1,1,1,1,1,SetState.use_set_state_minimal,argmax,10,10drones,RedflagsEnum.answer,3,none,2,360,0.2,0.3821656050955414,1
5002,256B,0,0,0,0,0,0,SetState.use_set_state_minimal,greedy_ens,10,10drones,RedflagsEnum.answer,3,a0.1-9,0,87,0.0,0.09235668789808917,1
5002,256B,0,0,0,0,0,0,SetState.use_set_state_minimal,greedy_ens,10,10drones,RedflagsEnum.answer,3,f0.8-9,0,3,0.0,0.0031847133757961785,1
5002,256B,0,0,0,0,0,0,SetState.use_set_state_minimal,greedy_ens,10,10drones,RedflagsEnum.answer,3,a0.1-5,0,43,0.0,0.045647558386411886,1
5002,256B,0,0,0,0,0,0,SetState.use_set_state_minimal,greedy_ens,10,10drones,RedflagsEnum.answer,3,B0.9-9,0,76,0.0,0.08067940552016985,1
5002,256B,0,0,0,0,0,0,SetState.use_set_state_minimal,greedy_ens,10,10drones,RedflagsEnum.answer,3,B0.5-9,0,2,0.0,0.0021231422505307855,1
5002,256B,0,0,0,0,0,0,SetState.use_set_state_minimal,greedy_ens,10,10drones,RedflagsEnum.answer,3,none,2,204,0.2,0.21656050955414013,1
5002,256B,0,0,0,0,0,0,SetState.use_set_state_minimal,greedy_drone,10,10drones,RedflagsEnum.answer,3,a0.1-9,1,222,0.1,0.2356687898089172,1
5002,256B,0,0,0,0,0,0,SetState.use_set_state_minimal,greedy_drone,10,10drones,RedflagsEnum.answer,3,f0.8-9,0,67,0.0,0.07112526539278131,1
5002,256B,0,0,0,0,0,0,SetState.use_set_state_minimal,greedy_drone,10,10drones,RedflagsEnum.answer,3,a0.1-5,1,262,0.1,0.2781316348195329,1
5002,256B,0,0,0,0,0,0,SetState.use_set_state_minimal,greedy_drone,10,10drones,RedflagsEnum.answer,3,B0.9-9,1,235,0.1,0.2494692144373673,1
5002,256B,0,0,0,0,0,0,SetState.use_set_state_minimal,greedy_drone,10,10drones,RedflagsEnum.answer,3,B0.5-9,1,241,0.1,0.25583864118895966,1
5002,256B,0,0,0,0,0,0,SetState.use_set_state_minimal,greedy_drone,10,10drones,RedflagsEnum.answer,3,none,3,241,0.3,0.25583864118895966,1
5002,256B,0,0,0,0,0,0,SetState.use_set_state_minimal,argmax,10,10drones,RedflagsEnum.answer,3,a0.1-9,0,39,0.0,0.041401273885350316,1
5002,256B,0,0,0,0,0,0,SetState.use_set_state_minimal,argmax,10,10drones,RedflagsEnum.answer,3,f0.8-9,0,39,0.0,0.041401273885350316,1
5002,256B,0,0,0,0,0,0,SetState.use_set_state_minimal,argmax,10,10drones,RedflagsEnum.answer,3,a0.1-5,0,39,0.0,0.041401273885350316,1
5002,256B,0,0,0,0,0,0,SetState.use_set_state_minimal,argmax,10,10drones,RedflagsEnum.answer,3,B0.9-9,0,39,0.0,0.041401273885350316,1
5002,256B,0,0,0,0,0,0,SetState.use_set_state_minimal,argmax,10,10drones,RedflagsEnum.answer,3,B0.5-9,0,39,0.0,0.041401273885350316,1
5002,256B,0,0,0,0,0,0,SetState.use_set_state_minimal,argmax,10,10drones,RedflagsEnum.answer,3,none,2,336,0.2,0.35668789808917195,1
5001,default,0,0,0,0,0,0,SetState.use_set_state_minimal,baseline,10,10drones,RedflagsEnum.answer,3,none,1,323,0.1,0.34288747346072185,1
5001,256B,1,1,1,1,1,1,SetState.use_set_state_minimal,greedy_ens,10,10drones,RedflagsEnum.answer,3,a0.1-9,0,76,0.0,0.08067940552016985,1
5001,256B,1,1,1,1,1,1,SetState.use_set_state_minimal,greedy_ens,10,10drones,RedflagsEnum.answer,3,f0.8-9,1,250,0.1,0.2653927813163482,1
5001,256B,1,1,1,1,1,1,SetState.use_set_state_minimal,greedy_ens,10,10drones,RedflagsEnum.answer,3,a0.1-5,0,106,0.0,0.11252653927813164,1
5001,256B,1,1,1,1,1,1,SetState.use_set_state_minimal,greedy_ens,10,10drones,RedflagsEnum.answer,3,B0.9-9,7,86,0.7,0.09129511677282377,1
5001,256B,1,1,1,1,1,1,SetState.use_set_state_minimal,greedy_ens,10,10drones,RedflagsEnum.answer,3,B0.5-9,0,42,0.0,0.044585987261146494,1
5001,256B,1,1,1,1,1,1,SetState.use_set_state_minimal,greedy_ens,10,10drones,RedflagsEnum.answer,3,none,0,76,0.0,0.08067940552016985,1
5001,256B,1,1,1,1,1,1,SetState.use_set_state_minimal,greedy_drone,10,10drones,RedflagsEnum.answer,3,a0.1-9,5,89,0.5,0.09447983014861996,1
5001,256B,1,1,1,1,1,1,SetState.use_set_state_minimal,greedy_drone,10,10drones,RedflagsEnum.answer,3,f0.8-9,7,105,0.7,0.11146496815286625,1
5001,256B,1,1,1,1,1,1,SetState.use_set_state_minimal,greedy_drone,10,10drones,RedflagsEnum.answer,3,a0.1-5,7,73,0.7,0.07749469214437367,1
5001,256B,1,1,1,1,1,1,SetState.use_set_state_minimal,greedy_drone,10,10drones,RedflagsEnum.answer,3,B0.9-9,7,67,0.7,0.07112526539278131,1
5001,256B,1,1,1,1,1,1,SetState.use_set_state_minimal,greedy_drone,10,10drones,RedflagsEnum.answer,3,B0.5-9,6,63,0.6,0.06687898089171974,1
5001,256B,1,1,1,1,1,1,SetState.use_set_state_minimal,greedy_drone,10,10drones,RedflagsEnum.answer,3,none,5,147,0.5,0.15605095541401273,1
5001,256B,1,1,1,1,1,1,SetState.use_set_state_minimal,argmax,10,10drones,RedflagsEnum.answer,3,a0.1-9,2,317,0.2,0.3365180467091295,1
5001,256B,1,1,1,1,1,1,SetState.use_set_state_minimal,argmax,10,10drones,RedflagsEnum.answer,3,f0.8-9,2,317,0.2,0.3365180467091295,1
5001,256B,1,1,1,1,1,1,SetState.use_set_state_minimal,argmax,10,10drones,RedflagsEnum.answer,3,a0.1-5,2,317,0.2,0.3365180467091295,1
5001,256B,1,1,1,1,1,1,SetState.use_set_state_minimal,argmax,10,10drones,RedflagsEnum.answer,3,B0.9-9,2,317,0.2,0.3365180467091295,1
5001,256B,1,1,1,1,1,1,SetState.use_set_state_minimal,argmax,10,10drones,RedflagsEnum.answer,3,B0.5-9,2,317,0.2,0.3365180467091295,1
5001,256B,1,1,1,1,1,1,SetState.use_set_state_minimal,argmax,10,10drones,RedflagsEnum.answer,3,none,2,287,0.2,0.3046709129511677,1
5001,256B,0,0,0,0,0,0,SetState.use_set_state_minimal,greedy_ens,10,10drones,RedflagsEnum.answer,3,a0.1-9,0,58,0.0,0.06157112526539278,1
5001,256B,0,0,0,0,0,0,SetState.use_set_state_minimal,greedy_ens,10,10drones,RedflagsEnum.answer,3,f0.8-9,0,2,0.0,0.0021231422505307855,1
5001,256B,0,0,0,0,0,0,SetState.use_set_state_minimal,greedy_ens,10,10drones,RedflagsEnum.answer,3,a0.1-5,0,58,0.0,0.06157112526539278,1
5001,256B,0,0,0,0,0,0,SetState.use_set_state_minimal,greedy_ens,10,10drones,RedflagsEnum.answer,3,B0.9-9,0,42,0.0,0.044585987261146494,1
5001,256B,0,0,0,0,0,0,SetState.use_set_state_minimal,greedy_ens,10,10drones,RedflagsEnum.answer,3,B0.5-9,0,42,0.0,0.044585987261146494,1
5001,256B,0,0,0,0,0,0,SetState.use_set_state_minimal,greedy_ens,10,10drones,RedflagsEnum.answer,3,none,0,187,0.0,0.19851380042462846,1
5001,256B,0,0,0,0,0,0,SetState.use_set_state_minimal,greedy_drone,10,10drones,RedflagsEnum.answer,3,a0.1-9,0,62,0.0,0.06581740976645435,1
5001,256B,0,0,0,0,0,0,SetState.use_set_state_minimal,greedy_drone,10,10drones,RedflagsEnum.answer,3,f0.8-9,1,265,0.1,0.2813163481953291,1
5001,256B,0,0,0,0,0,0,SetState.use_set_state_minimal,greedy_drone,10,10drones,RedflagsEnum.answer,3,a0.1-5,1,216,0.1,0.22929936305732485,1
5001,256B,0,0,0,0,0,0,SetState.use_set_state_minimal,greedy_drone,10,10drones,RedflagsEnum.answer,3,B0.9-9,1,287,0.1,0.3046709129511677,1
5001,256B,0,0,0,0,0,0,SetState.use_set_state_minimal,greedy_drone,10,10drones,RedflagsEnum.answer,3,B0.5-9,1,242,0.1,0.25690021231422505,1
5001,256B,0,0,0,0,0,0,SetState.use_set_state_minimal,greedy_drone,10,10drones,RedflagsEnum.answer,3,none,3,337,0.3,0.35774946921443734,1
5001,256B,0,0,0,0,0,0,SetState.use_set_state_minimal,argmax,10,10drones,RedflagsEnum.answer,3,a0.1-9,0,42,0.0,0.044585987261146494,1
5001,256B,0,0,0,0,0,0,SetState.use_set_state_minimal,argmax,10,10drones,RedflagsEnum.answer,3,f0.8-9,0,42,0.0,0.044585987261146494,1
5001,256B,0,0,0,0,0,0,SetState.use_set_state_minimal,argmax,10,10drones,RedflagsEnum.answer,3,a0.1-5,0,42,0.0,0.044585987261146494,1
5001,256B,0,0,0,0,0,0,SetState.use_set_state_minimal,argmax,10,10drones,RedflagsEnum.answer,3,B0.9-9,0,42,0.0,0.044585987261146494,1
5001,256B,0,0,0,0,0,0,SetState.use_set_state_minimal,argmax,10,10drones,RedflagsEnum.answer,3,B0.5-9,0,42,0.0,0.044585987261146494,1
5001,256B,0,0,0,0,0,0,SetState.use_set_state_minimal,argmax,10,10drones,RedflagsEnum.answer,3,none,2,311,0.2,0.33014861995753714,1
5000,C1,0,0,0,0,0,0,SetState.use_set_state_minimal,argmax,10,10drones,RedflagsEnum.answer,3,a0.1-9,0,22,0.0,0.02335456475583864,1
5000,C1,0,0,0,0,0,0,SetState.use_set_state_minimal,argmax,10,10drones,RedflagsEnum.answer,3,f0.8-9,0,22,0.0,0.02335456475583864,1
5000,C1,0,0,0,0,0,0,SetState.use_set_state_minimal,argmax,10,10drones,RedflagsEnum.answer,3,B0.9-9,0,22,0.0,0.02335456475583864,1
5000,C1,0,0,0,0,0,0,SetState.use_set_state_minimal,argmax,10,10drones,RedflagsEnum.answer,3,none,6,267,0.6,0.28343949044585987,1
5000,C1,0,0,0,0,0,0,SetState.use_set_state_minimal,argmax,10,10drones,RedflagsEnum.answer,3,B0.5-9,0,22,0.0,0.02335456475583864,1
5000,C1,0,0,0,0,0,0,SetState.use_set_state_minimal,argmax,10,10drones,RedflagsEnum.answer,3,a0.1-5,0,22,0.0,0.02335456475583864,1
5000,C1,0,0,0,0,0,0,SetState.use_set_state_minimal,greedy_drone,10,10drones,RedflagsEnum.answer,3,a0.1-9,0,6,0.0,0.006369426751592357,1
5000,C1,0,0,0,0,0,0,SetState.use_set_state_minimal,greedy_drone,10,10drones,RedflagsEnum.answer,3,f0.8-9,0,6,0.0,0.006369426751592357,1
5000,C1,0,0,0,0,0,0,SetState.use_set_state_minimal,greedy_drone,10,10drones,RedflagsEnum.answer,3,B0.9-9,0,6,0.0,0.006369426751592357,1
5000,C1,0,0,0,0,0,0,SetState.use_set_state_minimal,greedy_drone,10,10drones,RedflagsEnum.answer,3,none,6,298,0.6,0.31634819532908703,1
5000,C1,0,0,0,0,0,0,SetState.use_set_state_minimal,greedy_drone,10,10drones,RedflagsEnum.answer,3,B0.5-9,0,6,0.0,0.006369426751592357,1
5000,C1,0,0,0,0,0,0,SetState.use_set_state_minimal,greedy_drone,10,10drones,RedflagsEnum.answer,3,a0.1-5,0,6,0.0,0.006369426751592357,1
5000,C1,0,0,0,0,0,0,SetState.use_set_state_minimal,greedy_ens,10,10drones,RedflagsEnum.answer,3,a0.1-9,0,5,0.0,0.005307855626326964,1
5000,C1,0,0,0,0,0,0,SetState.use_set_state_minimal,greedy_ens,10,10drones,RedflagsEnum.answer,3,B0.9-9,0,43,0.0,0.045647558386411886,1
5000,C1,0,0,0,0,0,0,SetState.use_set_state_minimal,greedy_ens,10,10drones,RedflagsEnum.answer,3,f0.8-9,0,19,0.0,0.020169851380042462,1
5000,C1,0,0,0,0,0,0,SetState.use_set_state_minimal,greedy_ens,10,10drones,RedflagsEnum.answer,3,B0.5-9,0,2,0.0,0.0021231422505307855,1
5000,C1,0,0,0,0,0,0,SetState.use_set_state_minimal,greedy_ens,10,10drones,RedflagsEnum.answer,3,none,2,178,0.2,0.18895966029723993,1
5000,C1,0,0,0,0,0,0,SetState.use_set_state_minimal,greedy_ens,10,10drones,RedflagsEnum.answer,3,a0.1-5,0,5,0.0,0.005307855626326964,1
5000,C1,1,1,1,1,1,1,SetState.use_set_state_minimal,greedy_drone,10,10drones,RedflagsEnum.answer,3,a0.1-9,5,88,0.5,0.09341825902335456,1
5000,C1,1,1,1,1,1,1,SetState.use_set_state_minimal,greedy_drone,10,10drones,RedflagsEnum.answer,3,f0.8-9,4,84,0.4,0.08917197452229299,1
5000,C1,1,1,1,1,1,1,SetState.use_set_state_minimal,greedy_drone,10,10drones,RedflagsEnum.answer,3,B0.9-9,5,107,0.5,0.11358811040339703,1
5000,C1,1,1,1,1,1,1,SetState.use_set_state_minimal,greedy_drone,10,10drones,RedflagsEnum.answer,3,B0.5-9,5,89,0.5,0.09447983014861996,1
5000,C1,1,1,1,1,1,1,SetState.use_set_state_minimal,greedy_drone,10,10drones,RedflagsEnum.answer,3,a0.1-5,4,129,0.4,0.13694267515923567,1
5000,C1,1,1,1,1,1,1,SetState.use_set_state_minimal,greedy_drone,10,10drones,RedflagsEnum.answer,3,none,5,259,0.5,0.2749469214437367,1
5000,C1,1,1,1,1,1,1,SetState.use_set_state_minimal,argmax,10,10drones,RedflagsEnum.answer,3,a0.1-9,0,121,0.0,0.12845010615711253,1
5000,C1,1,1,1,1,1,1,SetState.use_set_state_minimal,argmax,10,10drones,RedflagsEnum.answer,3,f0.8-9,0,121,0.0,0.12845010615711253,1
5000,C1,1,1,1,1,1,1,SetState.use_set_state_minimal,argmax,10,10drones,RedflagsEnum.answer,3,B0.9-9,0,121,0.0,0.12845010615711253,1
5000,C1,1,1,1,1,1,1,SetState.use_set_state_minimal,argmax,10,10drones,RedflagsEnum.answer,3,B0.5-9,0,121,0.0,0.12845010615711253,1
5000,C1,1,1,1,1,1,1,SetState.use_set_state_minimal,argmax,10,10drones,RedflagsEnum.answer,3,none,5,213,0.5,0.22611464968152867,1
5000,C1,1,1,1,1,1,1,SetState.use_set_state_minimal,argmax,10,10drones,RedflagsEnum.answer,3,a0.1-5,0,121,0.0,0.12845010615711253,1
5000,C1,1,1,1,1,1,1,SetState.use_set_state_minimal,greedy_ens,10,10drones,RedflagsEnum.answer,3,a0.1-9,0,68,0.0,0.07218683651804671,1
5000,C1,1,1,1,1,1,1,SetState.use_set_state_minimal,greedy_ens,10,10drones,RedflagsEnum.answer,3,B0.9-9,0,45,0.0,0.04777070063694268,1
5000,C1,1,1,1,1,1,1,SetState.use_set_state_minimal,greedy_ens,10,10drones,RedflagsEnum.answer,3,f0.8-9,0,16,0.0,0.016985138004246284,1
5000,C1,1,1,1,1,1,1,SetState.use_set_state_minimal,greedy_ens,10,10drones,RedflagsEnum.answer,3,B0.5-9,0,49,0.0,0.05201698513800425,1
5000,C1,1,1,1,1,1,1,SetState.use_set_state_minimal,greedy_ens,10,10drones,RedflagsEnum.answer,3,a0.1-5,0,69,0.0,0.0732484076433121,1
5000,C1,1,1,1,1,1,1,SetState.use_set_state_minimal,greedy_ens,10,10drones,RedflagsEnum.answer,3,none,0,72,0.0,0.07643312101910828,1
5000,default,0,0,0,0,0,0,SetState.use_set_state_minimal,baseline,10,10drones,RedflagsEnum.answer,3,none,1,325,0.1,0.34501061571125263,1
5000,deep,0,0,0,0,0,0,SetState.use_set_state_minimal,argmax,10,10drones,RedflagsEnum.answer,3,a0.1-9,0,22,0.0,0.02335456475583864,1
5000,deep,0,0,0,0,0,0,SetState.use_set_state_minimal,argmax,10,10drones,RedflagsEnum.answer,3,f0.8-9,0,22,0.0,0.02335456475583864,1
5000,deep,0,0,0,0,0,0,SetState.use_set_state_minimal,argmax,10,10drones,RedflagsEnum.answer,3,B0.9-9,0,22,0.0,0.02335456475583864,1
5000,deep,0,0,0,0,0,0,SetState.use_set_state_minimal,argmax,10,10drones,RedflagsEnum.answer,3,B0.5-9,0,22,0.0,0.02335456475583864,1
5000,deep,0,0,0,0,0,0,SetState.use_set_state_minimal,argmax,10,10drones,RedflagsEnum.answer,3,none,1,294,0.1,0.31210191082802546,1
5000,deep,0,0,0,0,0,0,SetState.use_set_state_minimal,argmax,10,10drones,RedflagsEnum.answer,3,a0.1-5,0,22,0.0,0.02335456475583864,1
5000,deep,0,0,0,0,0,0,SetState.use_set_state_minimal,greedy_drone,10,10drones,RedflagsEnum.answer,3,a0.1-9,1,212,0.1,0.22505307855626328,1
5000,deep,0,0,0,0,0,0,SetState.use_set_state_minimal,greedy_drone,10,10drones,RedflagsEnum.answer,3,f0.8-9,1,212,0.1,0.22505307855626328,1
5000,deep,0,0,0,0,0,0,SetState.use_set_state_minimal,greedy_drone,10,10drones,RedflagsEnum.answer,3,B0.5-9,1,212,0.1,0.22505307855626328,1
5000,deep,0,0,0,0,0,0,SetState.use_set_state_minimal,greedy_drone,10,10drones,RedflagsEnum.answer,3,B0.9-9,0,9,0.0,0.009554140127388535,1
5000,deep,0,0,0,0,0,0,SetState.use_set_state_minimal,greedy_drone,10,10drones,RedflagsEnum.answer,3,a0.1-5,1,212,0.1,0.22505307855626328,1
5000,deep,0,0,0,0,0,0,SetState.use_set_state_minimal,greedy_drone,10,10drones,RedflagsEnum.answer,3,none,6,191,0.6,0.20276008492569003,1
5000,deep,0,0,0,0,0,0,SetState.use_set_state_minimal,greedy_ens,10,10drones,RedflagsEnum.answer,3,a0.1-9,0,3,0.0,0.0031847133757961785,1
5000,deep,0,0,0,0,0,0,SetState.use_set_state_minimal,greedy_ens,10,10drones,RedflagsEnum.answer,3,B0.9-9,0,39,0.0,0.041401273885350316,1
5000,deep,0,0,0,0,0,0,SetState.use_set_state_minimal,greedy_ens,10,10drones,RedflagsEnum.answer,3,f0.8-9,0,19,0.0,0.020169851380042462,1
5000,deep,0,0,0,0,0,0,SetState.use_set_state_minimal,greedy_ens,10,10drones,RedflagsEnum.answer,3,B0.5-9,0,23,0.0,0.024416135881104035,1
5000,deep,0,0,0,0,0,0,SetState.use_set_state_minimal,greedy_ens,10,10drones,RedflagsEnum.answer,3,a0.1-5,0,4,0.0,0.004246284501061571,1
5000,deep,0,0,0,0,0,0,SetState.use_set_state_minimal,greedy_ens,10,10drones,RedflagsEnum.answer,3,none,0,159,0.0,0.16878980891719744,1
5000,deep,1,1,1,1,1,1,SetState.use_set_state_minimal,argmax,10,10drones,RedflagsEnum.answer,3,a0.1-9,0,24,0.0,0.025477707006369428,1
5000,deep,1,1,1,1,1,1,SetState.use_set_state_minimal,argmax,10,10drones,RedflagsEnum.answer,3,f0.8-9,0,24,0.0,0.025477707006369428,1
5000,deep,1,1,1,1,1,1,SetState.use_set_state_minimal,argmax,10,10drones,RedflagsEnum.answer,3,B0.9-9,0,24,0.0,0.025477707006369428,1
5000,deep,1,1,1,1,1,1,SetState.use_set_state_minimal,argmax,10,10drones,RedflagsEnum.answer,3,B0.5-9,0,24,0.0,0.025477707006369428,1
5000,deep,1,1,1,1,1,1,SetState.use_set_state_minimal,argmax,10,10drones,RedflagsEnum.answer,3,none,2,279,0.2,0.2961783439490446,1
5000,deep,1,1,1,1,1,1,SetState.use_set_state_minimal,argmax,10,10drones,RedflagsEnum.answer,3,a0.1-5,0,24,0.0,0.025477707006369428,1
5000,deep,1,1,1,1,1,1,SetState.use_set_state_minimal,greedy_drone,10,10drones,RedflagsEnum.answer,3,a0.1-9,4,85,0.4,0.09023354564755838,1
5000,deep,1,1,1,1,1,1,SetState.use_set_state_minimal,greedy_drone,10,10drones,RedflagsEnum.answer,3,f0.8-9,3,188,0.3,0.19957537154989385,1
5000,deep,1,1,1,1,1,1,SetState.use_set_state_minimal,greedy_drone,10,10drones,RedflagsEnum.answer,3,B0.9-9,3,124,0.3,0.1316348195329087,1
5000,deep,1,1,1,1,1,1,SetState.use_set_state_minimal,greedy_drone,10,10drones,RedflagsEnum.answer,3,B0.5-9,5,73,0.5,0.07749469214437367,1
5000,deep,1,1,1,1,1,1,SetState.use_set_state_minimal,greedy_drone,10,10drones,RedflagsEnum.answer,3,a0.1-5,5,68,0.5,0.07218683651804671,1
5000,deep,1,1,1,1,1,1,SetState.use_set_state_minimal,greedy_drone,10,10drones,RedflagsEnum.answer,3,none,3,254,0.3,0.26963906581740976,1
5000,deep,1,1,1,1,1,1,SetState.use_set_state_minimal,greedy_ens,10,10drones,RedflagsEnum.answer,3,a0.1-9,0,2,0.0,0.0021231422505307855,1
5000,deep,1,1,1,1,1,1,SetState.use_set_state_minimal,greedy_ens,10,10drones,RedflagsEnum.answer,3,f0.8-9,0,16,0.0,0.016985138004246284,1
5000,deep,1,1,1,1,1,1,SetState.use_set_state_minimal,greedy_ens,10,10drones,RedflagsEnum.answer,3,B0.9-9,0,3,0.0,0.0031847133757961785,1
5000,deep,1,1,1,1,1,1,SetState.use_set_state_minimal,greedy_ens,10,10drones,RedflagsEnum.answer,3,B0.5-9,0,17,0.0,0.018046709129511677,1
5000,deep,1,1,1,1,1,1,SetState.use_set_state_minimal,greedy_ens,10,10drones,RedflagsEnum.answer,3,a0.1-5,0,2,0.0,0.0021231422505307855,1
5000,deep,1,1,1,1,1,1,SetState.use_set_state_minimal,greedy_ens,10,10drones,RedflagsEnum.answer,3,none,0,57,0.0,0.06050955414012739,1
5000,256B,1,1,1,1,1,1,SetState.use_set_state_minimal,greedy_ens,10,10drones,RedflagsEnum.answer,3,a0.1-9,0,92,0.0,0.09766454352441614,1
5000,256B,1,1,1,1,1,1,SetState.use_set_state_minimal,greedy_ens,10,10drones,RedflagsEnum.answer,3,f0.8-9,0,80,0.0,0.08492569002123142,1
5000,256B,1,1,1,1,1,1,SetState.use_set_state_minimal,greedy_ens,10,10drones,RedflagsEnum.answer,3,a0.1-5,0,139,0.0,0.1475583864118896,1
5000,256B,1,1,1,1,1,1,SetState.use_set_state_minimal,greedy_ens,10,10drones,RedflagsEnum.answer,3,B0.9-9,0,139,0.0,0.1475583864118896,1
5000,256B,1,1,1,1,1,1,SetState.use_set_state_minimal,greedy_ens,10,10drones,RedflagsEnum.answer,3,B0.5-9,0,57,0.0,0.06050955414012739,1
5000,256B,1,1,1,1,1,1,SetState.use_set_state_minimal,greedy_ens,10,10drones,RedflagsEnum.answer,3,none,0,183,0.0,0.1942675159235669,1
5000,256B,1,1,1,1,1,1,SetState.use_set_state_minimal,greedy_drone,10,10drones,RedflagsEnum.answer,3,a0.1-9,8,75,0.8,0.07961783439490445,1
5000,256B,1,1,1,1,1,1,SetState.use_set_state_minimal,greedy_drone,10,10drones,RedflagsEnum.answer,3,f0.8-9,7,76,0.7,0.08067940552016985,1
5000,256B,1,1,1,1,1,1,SetState.use_set_state_minimal,greedy_drone,10,10drones,RedflagsEnum.answer,3,a0.1-5,6,93,0.6,0.09872611464968153,1
5000,256B,1,1,1,1,1,1,SetState.use_set_state_minimal,greedy_drone,10,10drones,RedflagsEnum.answer,3,B0.9-9,7,93,0.7,0.09872611464968153,1
5000,256B,1,1,1,1,1,1,SetState.use_set_state_minimal,greedy_drone,10,10drones,RedflagsEnum.answer,3,B0.5-9,5,81,0.5,0.08598726114649681,1
5000,256B,1,1,1,1,1,1,SetState.use_set_state_minimal,greedy_drone,10,10drones,RedflagsEnum.answer,3,none,5,144,0.5,0.15286624203821655,1
5000,256B,1,1,1,1,1,1,SetState.use_set_state_minimal,argmax,10,10drones,RedflagsEnum.answer,3,a0.1-9,2,335,0.2,0.35562632696390656,1
5000,256B,1,1,1,1,1,1,SetState.use_set_state_minimal,argmax,10,10drones,RedflagsEnum.answer,3,f0.8-9,2,335,0.2,0.35562632696390656,1
5000,256B,1,1,1,1,1,1,SetState.use_set_state_minimal,argmax,10,10drones,RedflagsEnum.answer,3,a0.1-5,2,335,0.2,0.35562632696390656,1
5000,256B,1,1,1,1,1,1,SetState.use_set_state_minimal,argmax,10,10drones,RedflagsEnum.answer,3,B0.9-9,2,335,0.2,0.35562632696390656,1
5000,256B,1,1,1,1,1,1,SetState.use_set_state_minimal,argmax,10,10drones,RedflagsEnum.answer,3,B0.5-9,2,335,0.2,0.35562632696390656,1
5000,256B,1,1,1,1,1,1,SetState.use_set_state_minimal,argmax,10,10drones,RedflagsEnum.answer,3,none,3,318,0.3,0.3375796178343949,1
5000,256B,0,0,0,0,0,0,SetState.use_set_state_minimal,greedy_ens,10,10drones,RedflagsEnum.answer,3,a0.1-9,0,18,0.0,0.01910828025477707,1
5000,256B,0,0,0,0,0,0,SetState.use_set_state_minimal,greedy_ens,10,10drones,RedflagsEnum.answer,3,f0.8-9,0,20,0.0,0.021231422505307854,1
5000,256B,0,0,0,0,0,0,SetState.use_set_state_minimal,greedy_ens,10,10drones,RedflagsEnum.answer,3,a0.1-5,0,189,0.0,0.20063694267515925,1
5000,256B,0,0,0,0,0,0,SetState.use_set_state_minimal,greedy_ens,10,10drones,RedflagsEnum.answer,3,B0.9-9,0,94,0.0,0.09978768577494693,1
5000,256B,0,0,0,0,0,0,SetState.use_set_state_minimal,greedy_ens,10,10drones,RedflagsEnum.answer,3,B0.5-9,1,207,0.1,0.2197452229299363,1
5000,256B,0,0,0,0,0,0,SetState.use_set_state_minimal,greedy_ens,10,10drones,RedflagsEnum.answer,3,none,0,254,0.0,0.26963906581740976,1
5000,256B,0,0,0,0,0,0,SetState.use_set_state_minimal,greedy_drone,10,10drones,RedflagsEnum.answer,3,a0.1-9,0,96,0.0,0.10191082802547771,1
5000,256B,0,0,0,0,0,0,SetState.use_set_state_minimal,greedy_drone,10,10drones,RedflagsEnum.answer,3,f0.8-9,0,82,0.0,0.0870488322717622,1
5000,256B,0,0,0,0,0,0,SetState.use_set_state_minimal,greedy_drone,10,10drones,RedflagsEnum.answer,3,a0.1-5,0,96,0.0,0.10191082802547771,1
5000,256B,0,0,0,0,0,0,SetState.use_set_state_minimal,greedy_drone,10,10drones,RedflagsEnum.answer,3,B0.9-9,1,205,0.1,0.21762208067940553,1
5000,256B,0,0,0,0,0,0,SetState.use_set_state_minimal,greedy_drone,10,10drones,RedflagsEnum.answer,3,B0.5-9,0,96,0.0,0.10191082802547771,1
5000,256B,0,0,0,0,0,0,SetState.use_set_state_minimal,greedy_drone,10,10drones,RedflagsEnum.answer,3,none,2,290,0.2,0.3078556263269639,1
5000,256B,0,0,0,0,0,0,SetState.use_set_state_minimal,argmax,10,10drones,RedflagsEnum.answer,3,a0.1-9,0,22,0.0,0.02335456475583864,1
5000,256B,0,0,0,0,0,0,SetState.use_set_state_minimal,argmax,10,10drones,RedflagsEnum.answer,3,f0.8-9,0,22,0.0,0.02335456475583864,1
5000,256B,0,0,0,0,0,0,SetState.use_set_state_minimal,argmax,10,10drones,RedflagsEnum.answer,3,a0.1-5,0,22,0.0,0.02335456475583864,1
5000,256B,0,0,0,0,0,0,SetState.use_set_state_minimal,argmax,10,10drones,RedflagsEnum.answer,3,B0.9-9,0,22,0.0,0.02335456475583864,1
5000,256B,0,0,0,0,0,0,SetState.use_set_state_minimal,argmax,10,10drones,RedflagsEnum.answer,3,B0.5-9,0,22,0.0,0.02335456475583864,1
5000,256B,0,0,0,0,0,0,SetState.use_set_state_minimal,argmax,10,10drones,RedflagsEnum.answer,3,none,2,317,0.2,0.3365180467091295,1
