seed,ch_fixed,nnet,HighEnergyLevelChargeStopper,HighEnergyWantsToCharge,ChargeOnVeryLowEnergy,LowEnergyFlyToField,DroneOnEmptyField,HighEnergyIdleDronesVeryFarFromBirds,set_state,which_simulation,drones,file,redflags,charger_option,hysteresis,active_drones,total_damage,alive_drone_rate,damage_rate,charger_capacity
9,1,256B,0,0,0,0,0,0,SetState.use_set_state_minimal,baseline_with_composiion,120,real-life,RedflagsEnum.answer,3,none,97,14,0.8083333333333333,0.013958125623130608,40
9,1,256B,0,0,0,0,0,0,SetState.use_set_state_minimal,baseline_with_composiion,30,fill_one_drone,RedflagsEnum.answer,3,none,8,196,0.26666666666666666,0.19898477157360406,8
9,1,256B,0,0,0,0,0,0,SetState.use_set_state_minimal,baseline_with_composiion,24,U-1-ch,RedflagsEnum.answer,3,none,7,285,0.2916666666666667,0.3081081081081081,6
9,1,256B,0,0,0,0,0,0,SetState.use_set_state_minimal,baseline_with_composiion,15,1tiny,RedflagsEnum.answer,3,none,3,258,0.2,0.27388535031847133,2
9,1,256B,0,0,0,0,0,0,SetState.use_set_state_minimal,baseline_with_composiion,15,5dice-3,RedflagsEnum.answer,3,none,1,389,0.06666666666666667,0.8800904977375565,1
9,1,256B,0,0,0,0,0,0,SetState.use_set_state_minimal,baseline_with_composiion,8,5dice-2-1000epoch,RedflagsEnum.answer,3,none,2,259,0.25,0.2843029637760702,3
9,1,256B,0,0,0,0,0,0,SetState.use_set_state_minimal,baseline_with_composiion,4,orig,RedflagsEnum.answer,3,none,3,67,0.75,0.2875536480686695,3
9,1,256B,1,1,1,1,1,1,SetState.use_set_state_minimal,greedy_ensemble_obey_partial,4,orig,RedflagsEnum.answer,3,B0.15-5,0,8,0.0,0.034334763948497854,3
9,1,256B,1,1,1,1,1,1,SetState.use_set_state_minimal,greedy_ensemble_obey_partial,30,fill_one_drone,RedflagsEnum.answer,3,B0.15-5,25,107,0.8333333333333334,0.10862944162436548,8
9,1,256B,1,1,1,1,1,1,SetState.use_set_state_minimal,greedy_ensemble_obey_partial,24,U-1-ch,RedflagsEnum.answer,3,B0.15-5,11,49,0.4583333333333333,0.05297297297297297,6
9,1,256B,1,1,1,1,1,1,SetState.use_set_state_minimal,greedy_ensemble_obey_partial,15,1tiny,RedflagsEnum.answer,3,B0.15-5,10,62,0.6666666666666666,0.06581740976645435,2
9,1,256B,1,1,1,1,1,1,SetState.use_set_state_minimal,greedy_ensemble_obey_partial,15,5dice-3,RedflagsEnum.answer,3,B0.15-5,10,61,0.6666666666666666,0.13800904977375567,1
9,1,256B,1,1,1,1,1,1,SetState.use_set_state_minimal,greedy_ensemble_obey_partial,120,real-life,RedflagsEnum.answer,3,B0.15-5,97,110,0.8083333333333333,0.10967098703888335,40
9,1,256B,1,1,1,1,1,1,SetState.use_set_state_minimal,greedy_ensemble_obey,4,orig,RedflagsEnum.answer,3,B0.15-5,0,8,0.0,0.034334763948497854,3
9,1,256B,1,1,1,1,1,1,SetState.use_set_state_minimal,greedy_ensemble_obey,30,fill_one_drone,RedflagsEnum.answer,3,B0.15-5,25,107,0.8333333333333334,0.10862944162436548,8
9,1,256B,1,1,1,1,1,1,SetState.use_set_state_minimal,greedy_ensemble_obey,24,U-1-ch,RedflagsEnum.answer,3,B0.15-5,11,49,0.4583333333333333,0.05297297297297297,6
9,1,256B,1,1,1,1,1,1,SetState.use_set_state_minimal,greedy_ensemble_obey,15,5dice-3,RedflagsEnum.answer,3,B0.15-5,10,61,0.6666666666666666,0.13800904977375567,1
9,1,256B,1,1,1,1,1,1,SetState.use_set_state_minimal,greedy_ensemble_obey,15,1tiny,RedflagsEnum.answer,3,B0.15-5,10,62,0.6666666666666666,0.06581740976645435,2
9,1,256B,1,1,1,1,1,1,SetState.use_set_state_minimal,greedy_ensemble_obey,120,real-life,RedflagsEnum.answer,3,B0.15-5,97,110,0.8083333333333333,0.10967098703888335,40
9,1,256B,1,1,1,1,1,1,SetState.use_set_state_minimal,greedy_drone,120,real-life,RedflagsEnum.answer,3,B0.15-5,98,11,0.8166666666666667,0.010967098703888335,40
9,1,256B,1,1,1,1,1,1,SetState.use_set_state_minimal,greedy_drone,8,5dice-2-1000epoch,RedflagsEnum.answer,3,B0.15-5,8,60,1.0,0.06586169045005488,3
9,1,256B,1,1,1,1,1,1,SetState.use_set_state_minimal,greedy_drone,30,fill_one_drone,RedflagsEnum.answer,3,B0.15-5,25,46,0.8333333333333334,0.046700507614213196,8
9,1,256B,1,1,1,1,1,1,SetState.use_set_state_minimal,greedy_drone,20,orig-100birds,RedflagsEnum.answer,3,B0.15-5,1,233,0.05,1.0,3
9,1,256B,1,1,1,1,1,1,SetState.use_set_state_minimal,greedy_drone,24,U-1-ch,RedflagsEnum.answer,3,B0.15-5,21,25,0.875,0.02702702702702703,6
9,1,256B,1,1,1,1,1,1,SetState.use_set_state_minimal,greedy_drone,4,orig,RedflagsEnum.answer,3,B0.15-5,1,84,0.25,0.3605150214592275,3
9,1,256B,1,1,1,1,1,1,SetState.use_set_state_minimal,greedy_drone,15,1tiny,RedflagsEnum.answer,3,B0.15-5,12,51,0.8,0.054140127388535034,2
9,1,256B,1,1,1,1,1,1,SetState.use_set_state_minimal,greedy_drone,15,5dice-3,RedflagsEnum.answer,3,B0.15-5,10,134,0.6666666666666666,0.3031674208144796,1
9,1,256B,1,1,1,1,1,1,SetState.use_set_state_minimal,greedy_ensemble_priority,120,real-life,RedflagsEnum.answer,3,B0.15-5,97,110,0.8083333333333333,0.10967098703888335,40
9,1,256B,1,1,1,1,1,1,SetState.use_set_state_minimal,greedy_ensemble_priority,8,5dice-2-1000epoch,RedflagsEnum.answer,3,B0.15-5,8,49,1.0,0.05378704720087816,3
9,1,256B,1,1,1,1,1,1,SetState.use_set_state_minimal,greedy_ensemble_priority,30,fill_one_drone,RedflagsEnum.answer,3,B0.15-5,23,106,0.7666666666666667,0.10761421319796954,8
9,1,256B,1,1,1,1,1,1,SetState.use_set_state_minimal,greedy_ensemble_priority,20,orig-100birds,RedflagsEnum.answer,3,B0.15-5,11,233,0.55,1.0,3
9,1,256B,1,1,1,1,1,1,SetState.use_set_state_minimal,greedy_ensemble_priority,24,U-1-ch,RedflagsEnum.answer,3,B0.15-5,16,41,0.6666666666666666,0.04432432432432432,6
9,1,256B,1,1,1,1,1,1,SetState.use_set_state_minimal,greedy_ensemble_priority,4,orig,RedflagsEnum.answer,3,B0.15-5,3,33,0.75,0.14163090128755365,3
9,1,256B,1,1,1,1,1,1,SetState.use_set_state_minimal,greedy_ensemble_priority,15,5dice-3,RedflagsEnum.answer,3,B0.15-5,9,97,0.6,0.21945701357466063,1
9,1,256B,1,1,1,1,1,1,SetState.use_set_state_minimal,greedy_ensemble_priority,15,1tiny,RedflagsEnum.answer,3,B0.15-5,14,51,0.9333333333333333,0.054140127388535034,2
9,0,256B,1,1,1,1,1,1,SetState.use_set_state_minimal,baseline_with_rf_argmax,120,real-life,RedflagsEnum.answer,3,none,97,350,0.8083333333333333,0.3489531405782652,40
9,0,256B,1,1,1,1,1,1,SetState.use_set_state_minimal,baseline_with_rf_argmax,30,fill_one_drone,RedflagsEnum.answer,3,none,19,686,0.6333333333333333,0.6964467005076143,8
9,0,256B,1,1,1,1,1,1,SetState.use_set_state_minimal,baseline_with_rf_argmax,20,orig-100birds,RedflagsEnum.answer,3,none,11,233,0.55,1.0,3
9,0,256B,1,1,1,1,1,1,SetState.use_set_state_minimal,baseline_with_rf_argmax,24,U-1-ch,RedflagsEnum.answer,3,none,10,447,0.4166666666666667,0.48324324324324325,6
9,0,256B,1,1,1,1,1,1,SetState.use_set_state_minimal,baseline_with_rf_argmax,4,orig,RedflagsEnum.answer,3,none,3,65,0.75,0.27896995708154504,3
9,0,256B,1,1,1,1,1,1,SetState.use_set_state_minimal,baseline_with_rf_argmax,15,5dice-3,RedflagsEnum.answer,3,none,2,375,0.13333333333333333,0.8484162895927602,1
9,0,256B,1,1,1,1,1,1,SetState.use_set_state_minimal,baseline_with_rf_argmax,15,1tiny,RedflagsEnum.answer,3,none,8,212,0.5333333333333333,0.22505307855626328,2
9,0,256B,1,1,1,1,1,1,SetState.use_set_state_minimal,baseline_with_rf_argmax,8,5dice-2-1000epoch,RedflagsEnum.answer,3,none,6,268,0.75,0.29418221734357847,3
9,0,256B,0,0,0,0,0,0,SetState.use_set_state_minimal,argmax,120,real-life,RedflagsEnum.answer,3,none,98,374,0.8166666666666667,0.3728813559322034,40
9,0,256B,0,0,0,0,0,0,SetState.use_set_state_minimal,argmax,8,5dice-2-1000epoch,RedflagsEnum.answer,3,none,8,438,1.0,0.4807903402854007,3
9,0,256B,0,0,0,0,0,0,SetState.use_set_state_minimal,argmax,30,fill_one_drone,RedflagsEnum.answer,3,none,16,852,0.5333333333333333,0.86497461928934,8
9,0,256B,0,0,0,0,0,0,SetState.use_set_state_minimal,argmax,20,orig-100birds,RedflagsEnum.answer,3,none,6,233,0.3,1.0,3
9,0,256B,0,0,0,0,0,0,SetState.use_set_state_minimal,argmax,24,U-1-ch,RedflagsEnum.answer,3,none,12,510,0.5,0.5513513513513514,6
9,0,256B,0,0,0,0,0,0,SetState.use_set_state_minimal,argmax,4,orig,RedflagsEnum.answer,3,none,3,123,0.75,0.5278969957081545,3
9,0,256B,0,0,0,0,0,0,SetState.use_set_state_minimal,argmax,15,5dice-3,RedflagsEnum.answer,3,none,4,442,0.26666666666666666,1.0,1
9,0,256B,0,0,0,0,0,0,SetState.use_set_state_minimal,argmax,15,1tiny,RedflagsEnum.answer,3,none,4,359,0.26666666666666666,0.38110403397027603,2
9,0,256B,0,0,0,0,0,0,SetState.use_set_state_minimal,betterbaseline,120,real-life,RedflagsEnum.answer,3,none,98,282,0.8166666666666667,0.2811565304087737,40
9,0,256B,0,0,0,0,0,0,SetState.use_set_state_minimal,betterbaseline,30,fill_one_drone,RedflagsEnum.answer,3,none,13,713,0.43333333333333335,0.7238578680203046,8
9,0,256B,0,0,0,0,0,0,SetState.use_set_state_minimal,betterbaseline,20,orig-100birds,RedflagsEnum.answer,3,none,4,233,0.2,1.0,3
9,0,256B,0,0,0,0,0,0,SetState.use_set_state_minimal,betterbaseline,4,orig,RedflagsEnum.answer,3,none,3,89,0.75,0.38197424892703863,3
9,0,256B,0,0,0,0,0,0,SetState.use_set_state_minimal,betterbaseline,24,U-1-ch,RedflagsEnum.answer,3,none,4,452,0.16666666666666666,0.48864864864864865,6
9,0,256B,0,0,0,0,0,0,SetState.use_set_state_minimal,betterbaseline,15,5dice-3,RedflagsEnum.answer,3,none,1,421,0.06666666666666667,0.9524886877828054,1
9,0,256B,0,0,0,0,0,0,SetState.use_set_state_minimal,betterbaseline,8,5dice-2-1000epoch,RedflagsEnum.answer,3,none,3,382,0.375,0.41931942919868276,3
9,0,256B,0,0,0,0,0,0,SetState.use_set_state_minimal,betterbaseline,15,1tiny,RedflagsEnum.answer,3,none,3,268,0.2,0.28450106157112526,2
8,1,256B,0,0,0,0,0,0,SetState.use_set_state_minimal,baseline_with_composiion,120,real-life,RedflagsEnum.answer,3,none,100,13,0.8333333333333334,0.01296111665004985,40
8,1,256B,0,0,0,0,0,0,SetState.use_set_state_minimal,baseline_with_composiion,30,fill_one_drone,RedflagsEnum.answer,3,none,6,324,0.2,0.32893401015228424,8
8,1,256B,0,0,0,0,0,0,SetState.use_set_state_minimal,baseline_with_composiion,24,U-1-ch,RedflagsEnum.answer,3,none,6,270,0.25,0.2918918918918919,6
8,1,256B,0,0,0,0,0,0,SetState.use_set_state_minimal,baseline_with_composiion,15,5dice-3,RedflagsEnum.answer,3,none,2,351,0.13333333333333333,0.7941176470588235,1
8,1,256B,0,0,0,0,0,0,SetState.use_set_state_minimal,baseline_with_composiion,15,1tiny,RedflagsEnum.answer,3,none,3,220,0.2,0.23354564755838642,2
8,1,256B,0,0,0,0,0,0,SetState.use_set_state_minimal,baseline_with_composiion,8,5dice-2-1000epoch,RedflagsEnum.answer,3,none,2,350,0.25,0.38419319429198684,3
8,1,256B,0,0,0,0,0,0,SetState.use_set_state_minimal,baseline_with_composiion,4,orig,RedflagsEnum.answer,3,none,3,95,0.75,0.40772532188841204,3
8,1,256B,1,1,1,1,1,1,SetState.use_set_state_minimal,greedy_ensemble_obey_partial,4,orig,RedflagsEnum.answer,3,B0.15-5,0,14,0.0,0.060085836909871244,3
8,1,256B,1,1,1,1,1,1,SetState.use_set_state_minimal,greedy_ensemble_obey_partial,30,fill_one_drone,RedflagsEnum.answer,3,B0.15-5,21,95,0.7,0.09644670050761421,8
8,1,256B,1,1,1,1,1,1,SetState.use_set_state_minimal,greedy_ensemble_obey_partial,24,U-1-ch,RedflagsEnum.answer,3,B0.15-5,9,57,0.375,0.061621621621621624,6
8,1,256B,1,1,1,1,1,1,SetState.use_set_state_minimal,greedy_ensemble_obey_partial,15,5dice-3,RedflagsEnum.answer,3,B0.15-5,9,71,0.6,0.16063348416289594,1
8,1,256B,1,1,1,1,1,1,SetState.use_set_state_minimal,greedy_ensemble_obey_partial,15,1tiny,RedflagsEnum.answer,3,B0.15-5,13,65,0.8666666666666667,0.06900212314225053,2
8,1,256B,1,1,1,1,1,1,SetState.use_set_state_minimal,greedy_ensemble_obey_partial,120,real-life,RedflagsEnum.answer,3,B0.15-5,101,76,0.8416666666666667,0.07577268195413758,40
8,1,256B,1,1,1,1,1,1,SetState.use_set_state_minimal,greedy_ensemble_obey,4,orig,RedflagsEnum.answer,3,B0.15-5,0,14,0.0,0.060085836909871244,3
8,1,256B,1,1,1,1,1,1,SetState.use_set_state_minimal,greedy_ensemble_obey,30,fill_one_drone,RedflagsEnum.answer,3,B0.15-5,21,95,0.7,0.09644670050761421,8
8,1,256B,1,1,1,1,1,1,SetState.use_set_state_minimal,greedy_ensemble_obey,24,U-1-ch,RedflagsEnum.answer,3,B0.15-5,9,57,0.375,0.061621621621621624,6
8,1,256B,1,1,1,1,1,1,SetState.use_set_state_minimal,greedy_ensemble_obey,15,5dice-3,RedflagsEnum.answer,3,B0.15-5,9,71,0.6,0.16063348416289594,1
8,1,256B,1,1,1,1,1,1,SetState.use_set_state_minimal,greedy_ensemble_obey,15,1tiny,RedflagsEnum.answer,3,B0.15-5,13,65,0.8666666666666667,0.06900212314225053,2
8,1,256B,1,1,1,1,1,1,SetState.use_set_state_minimal,greedy_ensemble_obey,120,real-life,RedflagsEnum.answer,3,B0.15-5,101,76,0.8416666666666667,0.07577268195413758,40
8,1,256B,1,1,1,1,1,1,SetState.use_set_state_minimal,greedy_ensemble_priority,120,real-life,RedflagsEnum.answer,3,B0.15-5,101,76,0.8416666666666667,0.07577268195413758,40
8,1,256B,1,1,1,1,1,1,SetState.use_set_state_minimal,greedy_ensemble_priority,8,5dice-2-1000epoch,RedflagsEnum.answer,3,B0.15-5,8,83,1.0,0.09110867178924259,3
8,1,256B,1,1,1,1,1,1,SetState.use_set_state_minimal,greedy_ensemble_priority,30,fill_one_drone,RedflagsEnum.answer,3,B0.15-5,21,95,0.7,0.09644670050761421,8
8,1,256B,1,1,1,1,1,1,SetState.use_set_state_minimal,greedy_ensemble_priority,24,U-1-ch,RedflagsEnum.answer,3,B0.15-5,13,58,0.5416666666666666,0.0627027027027027,6
8,1,256B,1,1,1,1,1,1,SetState.use_set_state_minimal,greedy_ensemble_priority,20,orig-100birds,RedflagsEnum.answer,3,B0.15-5,13,233,0.65,1.0,3
8,1,256B,1,1,1,1,1,1,SetState.use_set_state_minimal,greedy_ensemble_priority,4,orig,RedflagsEnum.answer,3,B0.15-5,3,35,0.75,0.15021459227467812,3
8,1,256B,1,1,1,1,1,1,SetState.use_set_state_minimal,greedy_ensemble_priority,15,5dice-3,RedflagsEnum.answer,3,B0.15-5,9,102,0.6,0.23076923076923078,1
8,1,256B,1,1,1,1,1,1,SetState.use_set_state_minimal,greedy_ensemble_priority,15,1tiny,RedflagsEnum.answer,3,B0.15-5,10,57,0.6666666666666666,0.06050955414012739,2
8,1,256B,1,1,1,1,1,1,SetState.use_set_state_minimal,greedy_drone,120,real-life,RedflagsEnum.answer,3,B0.15-5,101,17,0.8416666666666667,0.01694915254237288,40
8,1,256B,1,1,1,1,1,1,SetState.use_set_state_minimal,greedy_drone,8,5dice-2-1000epoch,RedflagsEnum.answer,3,B0.15-5,8,73,1.0,0.0801317233809001,3
8,1,256B,1,1,1,1,1,1,SetState.use_set_state_minimal,greedy_drone,30,fill_one_drone,RedflagsEnum.answer,3,B0.15-5,21,69,0.7,0.0700507614213198,8
8,1,256B,1,1,1,1,1,1,SetState.use_set_state_minimal,greedy_drone,20,orig-100birds,RedflagsEnum.answer,3,B0.15-5,13,209,0.65,0.8969957081545065,3
8,1,256B,1,1,1,1,1,1,SetState.use_set_state_minimal,greedy_drone,24,U-1-ch,RedflagsEnum.answer,3,B0.15-5,23,34,0.9583333333333334,0.036756756756756756,6
8,1,256B,1,1,1,1,1,1,SetState.use_set_state_minimal,greedy_drone,4,orig,RedflagsEnum.answer,3,B0.15-5,2,72,0.5,0.3090128755364807,3
8,1,256B,1,1,1,1,1,1,SetState.use_set_state_minimal,greedy_drone,15,5dice-3,RedflagsEnum.answer,3,B0.15-5,7,156,0.4666666666666667,0.35294117647058826,1
8,1,256B,1,1,1,1,1,1,SetState.use_set_state_minimal,greedy_drone,15,1tiny,RedflagsEnum.answer,3,B0.15-5,13,61,0.8666666666666667,0.06475583864118896,2
8,0,256B,1,1,1,1,1,1,SetState.use_set_state_minimal,baseline_with_rf_argmax,120,real-life,RedflagsEnum.answer,3,none,101,303,0.8416666666666667,0.3020937188434696,40
8,0,256B,1,1,1,1,1,1,SetState.use_set_state_minimal,baseline_with_rf_argmax,30,fill_one_drone,RedflagsEnum.answer,3,none,20,669,0.6666666666666666,0.6791878172588832,8
8,0,256B,1,1,1,1,1,1,SetState.use_set_state_minimal,baseline_with_rf_argmax,20,orig-100birds,RedflagsEnum.answer,3,none,14,233,0.7,1.0,3
8,0,256B,1,1,1,1,1,1,SetState.use_set_state_minimal,baseline_with_rf_argmax,24,U-1-ch,RedflagsEnum.answer,3,none,8,481,0.3333333333333333,0.52,6
8,0,256B,1,1,1,1,1,1,SetState.use_set_state_minimal,baseline_with_rf_argmax,4,orig,RedflagsEnum.answer,3,none,3,143,0.75,0.6137339055793991,3
8,0,256B,1,1,1,1,1,1,SetState.use_set_state_minimal,baseline_with_rf_argmax,8,5dice-2-1000epoch,RedflagsEnum.answer,3,none,8,330,1.0,0.36223929747530187,3
8,0,256B,1,1,1,1,1,1,SetState.use_set_state_minimal,baseline_with_rf_argmax,15,5dice-3,RedflagsEnum.answer,3,none,2,338,0.13333333333333333,0.7647058823529411,1
8,0,256B,1,1,1,1,1,1,SetState.use_set_state_minimal,baseline_with_rf_argmax,15,1tiny,RedflagsEnum.answer,3,none,7,202,0.4666666666666667,0.21443736730360935,2
8,0,256B,0,0,0,0,0,0,SetState.use_set_state_minimal,argmax,120,real-life,RedflagsEnum.answer,3,none,101,367,0.8416666666666667,0.3659022931206381,40
8,0,256B,0,0,0,0,0,0,SetState.use_set_state_minimal,argmax,8,5dice-2-1000epoch,RedflagsEnum.answer,3,none,8,394,1.0,0.43249176728869376,3
8,0,256B,0,0,0,0,0,0,SetState.use_set_state_minimal,argmax,30,fill_one_drone,RedflagsEnum.answer,3,none,16,860,0.5333333333333333,0.8730964467005076,8
8,0,256B,0,0,0,0,0,0,SetState.use_set_state_minimal,argmax,20,orig-100birds,RedflagsEnum.answer,3,none,6,233,0.3,1.0,3
8,0,256B,0,0,0,0,0,0,SetState.use_set_state_minimal,argmax,24,U-1-ch,RedflagsEnum.answer,3,none,12,493,0.5,0.532972972972973,6
8,0,256B,0,0,0,0,0,0,SetState.use_set_state_minimal,argmax,4,orig,RedflagsEnum.answer,3,none,3,90,0.75,0.38626609442060084,3
8,0,256B,0,0,0,0,0,0,SetState.use_set_state_minimal,argmax,15,5dice-3,RedflagsEnum.answer,3,none,5,442,0.3333333333333333,1.0,1
8,0,256B,0,0,0,0,0,0,SetState.use_set_state_minimal,argmax,15,1tiny,RedflagsEnum.answer,3,none,4,319,0.26666666666666666,0.3386411889596603,2
8,0,256B,0,0,0,0,0,0,SetState.use_set_state_minimal,betterbaseline,120,real-life,RedflagsEnum.answer,3,none,100,293,0.8333333333333334,0.292123629112662,40
8,0,256B,0,0,0,0,0,0,SetState.use_set_state_minimal,betterbaseline,30,fill_one_drone,RedflagsEnum.answer,3,none,9,696,0.3,0.7065989847715736,8
8,0,256B,0,0,0,0,0,0,SetState.use_set_state_minimal,betterbaseline,20,orig-100birds,RedflagsEnum.answer,3,none,3,233,0.15,1.0,3
8,0,256B,0,0,0,0,0,0,SetState.use_set_state_minimal,betterbaseline,4,orig,RedflagsEnum.answer,3,none,3,96,0.75,0.41201716738197425,3
8,0,256B,0,0,0,0,0,0,SetState.use_set_state_minimal,betterbaseline,24,U-1-ch,RedflagsEnum.answer,3,none,3,422,0.125,0.4562162162162162,6
8,0,256B,0,0,0,0,0,0,SetState.use_set_state_minimal,betterbaseline,15,5dice-3,RedflagsEnum.answer,3,none,1,408,0.06666666666666667,0.9230769230769231,1
8,0,256B,0,0,0,0,0,0,SetState.use_set_state_minimal,betterbaseline,8,5dice-2-1000epoch,RedflagsEnum.answer,3,none,3,338,0.375,0.37102085620197583,3
8,0,256B,0,0,0,0,0,0,SetState.use_set_state_minimal,betterbaseline,15,1tiny,RedflagsEnum.answer,3,none,3,283,0.2,0.30042462845010615,2
7,1,256B,0,0,0,0,0,0,SetState.use_set_state_minimal,baseline_with_composiion,120,real-life,RedflagsEnum.answer,3,none,95,27,0.7916666666666666,0.026919242273180457,40
7,1,256B,0,0,0,0,0,0,SetState.use_set_state_minimal,baseline_with_composiion,30,fill_one_drone,RedflagsEnum.answer,3,none,12,252,0.4,0.25583756345177666,8
7,1,256B,0,0,0,0,0,0,SetState.use_set_state_minimal,baseline_with_composiion,24,U-1-ch,RedflagsEnum.answer,3,none,5,332,0.20833333333333334,0.3589189189189189,6
7,1,256B,0,0,0,0,0,0,SetState.use_set_state_minimal,baseline_with_composiion,15,1tiny,RedflagsEnum.answer,3,none,4,159,0.26666666666666666,0.16878980891719744,2
7,1,256B,0,0,0,0,0,0,SetState.use_set_state_minimal,baseline_with_composiion,8,5dice-2-1000epoch,RedflagsEnum.answer,3,none,1,369,0.125,0.40504939626783754,3
7,1,256B,0,0,0,0,0,0,SetState.use_set_state_minimal,baseline_with_composiion,15,5dice-3,RedflagsEnum.answer,3,none,2,413,0.13333333333333333,0.9343891402714932,1
7,1,256B,0,0,0,0,0,0,SetState.use_set_state_minimal,baseline_with_composiion,4,orig,RedflagsEnum.answer,3,none,3,55,0.75,0.23605150214592274,3
7,1,256B,1,1,1,1,1,1,SetState.use_set_state_minimal,greedy_ensemble_obey,4,orig,RedflagsEnum.answer,3,B0.15-5,0,8,0.0,0.034334763948497854,3
7,1,256B,1,1,1,1,1,1,SetState.use_set_state_minimal,greedy_ensemble_obey,30,fill_one_drone,RedflagsEnum.answer,3,B0.15-5,20,91,0.6666666666666666,0.09238578680203045,8
7,1,256B,1,1,1,1,1,1,SetState.use_set_state_minimal,greedy_ensemble_obey,24,U-1-ch,RedflagsEnum.answer,3,B0.15-5,8,58,0.3333333333333333,0.0627027027027027,6
7,1,256B,1,1,1,1,1,1,SetState.use_set_state_minimal,greedy_ensemble_obey,15,5dice-3,RedflagsEnum.answer,3,B0.15-5,10,53,0.6666666666666666,0.11990950226244344,1
7,1,256B,1,1,1,1,1,1,SetState.use_set_state_minimal,greedy_ensemble_obey,15,1tiny,RedflagsEnum.answer,3,B0.15-5,11,64,0.7333333333333333,0.06794055201698514,2
7,1,256B,1,1,1,1,1,1,SetState.use_set_state_minimal,greedy_ensemble_obey,120,real-life,RedflagsEnum.answer,3,B0.15-5,96,77,0.8,0.07676969092721835,40
7,1,256B,1,1,1,1,1,1,SetState.use_set_state_minimal,greedy_ensemble_obey_partial,4,orig,RedflagsEnum.answer,3,B0.15-5,0,8,0.0,0.034334763948497854,3
7,1,256B,1,1,1,1,1,1,SetState.use_set_state_minimal,greedy_ensemble_obey_partial,30,fill_one_drone,RedflagsEnum.answer,3,B0.15-5,20,91,0.6666666666666666,0.09238578680203045,8
7,1,256B,1,1,1,1,1,1,SetState.use_set_state_minimal,greedy_ensemble_obey_partial,24,U-1-ch,RedflagsEnum.answer,3,B0.15-5,8,58,0.3333333333333333,0.0627027027027027,6
7,1,256B,1,1,1,1,1,1,SetState.use_set_state_minimal,greedy_ensemble_obey_partial,15,1tiny,RedflagsEnum.answer,3,B0.15-5,11,64,0.7333333333333333,0.06794055201698514,2
7,1,256B,1,1,1,1,1,1,SetState.use_set_state_minimal,greedy_ensemble_obey_partial,15,5dice-3,RedflagsEnum.answer,3,B0.15-5,10,53,0.6666666666666666,0.11990950226244344,1
7,1,256B,1,1,1,1,1,1,SetState.use_set_state_minimal,greedy_ensemble_obey_partial,120,real-life,RedflagsEnum.answer,3,B0.15-5,96,77,0.8,0.07676969092721835,40
7,1,256B,1,1,1,1,1,1,SetState.use_set_state_minimal,greedy_ensemble_priority,120,real-life,RedflagsEnum.answer,3,B0.15-5,96,77,0.8,0.07676969092721835,40
7,1,256B,1,1,1,1,1,1,SetState.use_set_state_minimal,greedy_ensemble_priority,8,5dice-2-1000epoch,RedflagsEnum.answer,3,B0.15-5,8,66,1.0,0.07244785949506037,3
7,1,256B,1,1,1,1,1,1,SetState.use_set_state_minimal,greedy_ensemble_priority,30,fill_one_drone,RedflagsEnum.answer,3,B0.15-5,20,145,0.6666666666666666,0.14720812182741116,8
7,1,256B,1,1,1,1,1,1,SetState.use_set_state_minimal,greedy_ensemble_priority,20,orig-100birds,RedflagsEnum.answer,3,B0.15-5,12,233,0.6,1.0,3
7,1,256B,1,1,1,1,1,1,SetState.use_set_state_minimal,greedy_ensemble_priority,24,U-1-ch,RedflagsEnum.answer,3,B0.15-5,11,43,0.4583333333333333,0.046486486486486484,6
7,1,256B,1,1,1,1,1,1,SetState.use_set_state_minimal,greedy_ensemble_priority,4,orig,RedflagsEnum.answer,3,B0.15-5,3,36,0.75,0.15450643776824036,3
7,1,256B,1,1,1,1,1,1,SetState.use_set_state_minimal,greedy_ensemble_priority,15,5dice-3,RedflagsEnum.answer,3,B0.15-5,11,83,0.7333333333333333,0.18778280542986425,1
7,1,256B,1,1,1,1,1,1,SetState.use_set_state_minimal,greedy_ensemble_priority,15,1tiny,RedflagsEnum.answer,3,B0.15-5,13,48,0.8666666666666667,0.050955414012738856,2
7,1,256B,1,1,1,1,1,1,SetState.use_set_state_minimal,greedy_drone,120,real-life,RedflagsEnum.answer,3,B0.15-5,96,14,0.8,0.013958125623130608,40
7,1,256B,1,1,1,1,1,1,SetState.use_set_state_minimal,greedy_drone,8,5dice-2-1000epoch,RedflagsEnum.answer,3,B0.15-5,8,84,1.0,0.09220636663007684,3
7,1,256B,1,1,1,1,1,1,SetState.use_set_state_minimal,greedy_drone,30,fill_one_drone,RedflagsEnum.answer,3,B0.15-5,22,52,0.7333333333333333,0.05279187817258883,8
7,1,256B,1,1,1,1,1,1,SetState.use_set_state_minimal,greedy_drone,20,orig-100birds,RedflagsEnum.answer,3,B0.15-5,5,226,0.25,0.9699570815450643,3
7,1,256B,1,1,1,1,1,1,SetState.use_set_state_minimal,greedy_drone,24,U-1-ch,RedflagsEnum.answer,3,B0.15-5,17,35,0.7083333333333334,0.03783783783783784,6
7,1,256B,1,1,1,1,1,1,SetState.use_set_state_minimal,greedy_drone,4,orig,RedflagsEnum.answer,3,B0.15-5,2,53,0.5,0.22746781115879827,3
7,1,256B,1,1,1,1,1,1,SetState.use_set_state_minimal,greedy_drone,15,5dice-3,RedflagsEnum.answer,3,B0.15-5,7,137,0.4666666666666667,0.30995475113122173,1
7,1,256B,1,1,1,1,1,1,SetState.use_set_state_minimal,greedy_drone,15,1tiny,RedflagsEnum.answer,3,B0.15-5,14,82,0.9333333333333333,0.0870488322717622,2
7,0,256B,1,1,1,1,1,1,SetState.use_set_state_minimal,baseline_with_rf_argmax,120,real-life,RedflagsEnum.answer,3,none,95,286,0.7916666666666666,0.2851445663010967,40
7,0,256B,1,1,1,1,1,1,SetState.use_set_state_minimal,baseline_with_rf_argmax,30,fill_one_drone,RedflagsEnum.answer,3,none,19,637,0.6333333333333333,0.6467005076142132,8
7,0,256B,1,1,1,1,1,1,SetState.use_set_state_minimal,baseline_with_rf_argmax,20,orig-100birds,RedflagsEnum.answer,3,none,9,233,0.45,1.0,3
7,0,256B,1,1,1,1,1,1,SetState.use_set_state_minimal,baseline_with_rf_argmax,24,U-1-ch,RedflagsEnum.answer,3,none,10,513,0.4166666666666667,0.5545945945945946,6
7,0,256B,1,1,1,1,1,1,SetState.use_set_state_minimal,baseline_with_rf_argmax,4,orig,RedflagsEnum.answer,3,none,3,77,0.75,0.33047210300429186,3
7,0,256B,1,1,1,1,1,1,SetState.use_set_state_minimal,baseline_with_rf_argmax,8,5dice-2-1000epoch,RedflagsEnum.answer,3,none,6,329,0.75,0.3611416026344676,3
7,0,256B,1,1,1,1,1,1,SetState.use_set_state_minimal,baseline_with_rf_argmax,15,5dice-3,RedflagsEnum.answer,3,none,2,378,0.13333333333333333,0.8552036199095022,1
7,0,256B,1,1,1,1,1,1,SetState.use_set_state_minimal,baseline_with_rf_argmax,15,1tiny,RedflagsEnum.answer,3,none,8,232,0.5333333333333333,0.24628450106157113,2
7,0,256B,0,0,0,0,0,0,SetState.use_set_state_minimal,argmax,120,real-life,RedflagsEnum.answer,3,none,96,348,0.8,0.3469591226321037,40
7,0,256B,0,0,0,0,0,0,SetState.use_set_state_minimal,argmax,8,5dice-2-1000epoch,RedflagsEnum.answer,3,none,8,395,1.0,0.433589462129528,3
7,0,256B,0,0,0,0,0,0,SetState.use_set_state_minimal,argmax,30,fill_one_drone,RedflagsEnum.answer,3,none,16,775,0.5333333333333333,0.7868020304568528,8
7,0,256B,0,0,0,0,0,0,SetState.use_set_state_minimal,argmax,20,orig-100birds,RedflagsEnum.answer,3,none,6,233,0.3,1.0,3
7,0,256B,0,0,0,0,0,0,SetState.use_set_state_minimal,argmax,24,U-1-ch,RedflagsEnum.answer,3,none,12,494,0.5,0.534054054054054,6
7,0,256B,0,0,0,0,0,0,SetState.use_set_state_minimal,argmax,4,orig,RedflagsEnum.answer,3,none,3,97,0.75,0.41630901287553645,3
7,0,256B,0,0,0,0,0,0,SetState.use_set_state_minimal,argmax,15,5dice-3,RedflagsEnum.answer,3,none,4,442,0.26666666666666666,1.0,1
7,0,256B,0,0,0,0,0,0,SetState.use_set_state_minimal,argmax,15,1tiny,RedflagsEnum.answer,3,none,4,331,0.26666666666666666,0.351380042462845,2
7,0,256B,0,0,0,0,0,0,SetState.use_set_state_minimal,betterbaseline,120,real-life,RedflagsEnum.answer,3,none,96,294,0.8,0.2931206380857428,40
7,0,256B,0,0,0,0,0,0,SetState.use_set_state_minimal,betterbaseline,20,orig-100birds,RedflagsEnum.answer,3,none,4,233,0.2,1.0,3
7,0,256B,0,0,0,0,0,0,SetState.use_set_state_minimal,betterbaseline,30,fill_one_drone,RedflagsEnum.answer,3,none,16,732,0.5333333333333333,0.7431472081218274,8
7,0,256B,0,0,0,0,0,0,SetState.use_set_state_minimal,betterbaseline,4,orig,RedflagsEnum.answer,3,none,3,102,0.75,0.43776824034334766,3
7,0,256B,0,0,0,0,0,0,SetState.use_set_state_minimal,betterbaseline,24,U-1-ch,RedflagsEnum.answer,3,none,5,472,0.20833333333333334,0.5102702702702703,6
7,0,256B,0,0,0,0,0,0,SetState.use_set_state_minimal,betterbaseline,15,5dice-3,RedflagsEnum.answer,3,none,1,416,0.06666666666666667,0.9411764705882353,1
7,0,256B,0,0,0,0,0,0,SetState.use_set_state_minimal,betterbaseline,8,5dice-2-1000epoch,RedflagsEnum.answer,3,none,3,447,0.375,0.49066959385290887,3
7,0,256B,0,0,0,0,0,0,SetState.use_set_state_minimal,betterbaseline,15,1tiny,RedflagsEnum.answer,3,none,3,278,0.2,0.2951167728237792,2
6,1,256B,0,0,0,0,0,0,SetState.use_set_state_minimal,baseline_with_composiion,120,real-life,RedflagsEnum.answer,3,none,105,10,0.875,0.009970089730807577,40
6,1,256B,0,0,0,0,0,0,SetState.use_set_state_minimal,baseline_with_composiion,30,fill_one_drone,RedflagsEnum.answer,3,none,7,249,0.23333333333333334,0.25279187817258886,8
6,1,256B,0,0,0,0,0,0,SetState.use_set_state_minimal,baseline_with_composiion,24,U-1-ch,RedflagsEnum.answer,3,none,2,302,0.08333333333333333,0.3264864864864865,6
6,1,256B,0,0,0,0,0,0,SetState.use_set_state_minimal,baseline_with_composiion,15,5dice-3,RedflagsEnum.answer,3,none,1,383,0.06666666666666667,0.8665158371040724,1
6,1,256B,0,0,0,0,0,0,SetState.use_set_state_minimal,baseline_with_composiion,8,5dice-2-1000epoch,RedflagsEnum.answer,3,none,3,275,0.375,0.3018660812294182,3
6,1,256B,0,0,0,0,0,0,SetState.use_set_state_minimal,baseline_with_composiion,15,1tiny,RedflagsEnum.answer,3,none,2,250,0.13333333333333333,0.2653927813163482,2
6,1,256B,0,0,0,0,0,0,SetState.use_set_state_minimal,baseline_with_composiion,4,orig,RedflagsEnum.answer,3,none,4,54,1.0,0.2317596566523605,3
6,1,256B,1,1,1,1,1,1,SetState.use_set_state_minimal,greedy_ensemble_obey_partial,4,orig,RedflagsEnum.answer,3,B0.15-5,2,14,0.5,0.060085836909871244,3
6,1,256B,1,1,1,1,1,1,SetState.use_set_state_minimal,greedy_ensemble_obey_partial,30,fill_one_drone,RedflagsEnum.answer,3,B0.15-5,19,105,0.6333333333333333,0.1065989847715736,8
6,1,256B,1,1,1,1,1,1,SetState.use_set_state_minimal,greedy_ensemble_obey_partial,24,U-1-ch,RedflagsEnum.answer,3,B0.15-5,16,27,0.6666666666666666,0.02918918918918919,6
6,1,256B,1,1,1,1,1,1,SetState.use_set_state_minimal,greedy_ensemble_obey_partial,15,1tiny,RedflagsEnum.answer,3,B0.15-5,13,53,0.8666666666666667,0.05626326963906582,2
6,1,256B,1,1,1,1,1,1,SetState.use_set_state_minimal,greedy_ensemble_obey_partial,15,5dice-3,RedflagsEnum.answer,3,B0.15-5,10,46,0.6666666666666666,0.10407239819004525,1
6,1,256B,1,1,1,1,1,1,SetState.use_set_state_minimal,greedy_ensemble_obey_partial,120,real-life,RedflagsEnum.answer,3,B0.15-5,105,82,0.875,0.08175473579262213,40
6,1,256B,1,1,1,1,1,1,SetState.use_set_state_minimal,greedy_ensemble_obey,4,orig,RedflagsEnum.answer,3,B0.15-5,2,14,0.5,0.060085836909871244,3
6,1,256B,1,1,1,1,1,1,SetState.use_set_state_minimal,greedy_ensemble_obey,30,fill_one_drone,RedflagsEnum.answer,3,B0.15-5,19,105,0.6333333333333333,0.1065989847715736,8
6,1,256B,1,1,1,1,1,1,SetState.use_set_state_minimal,greedy_ensemble_obey,24,U-1-ch,RedflagsEnum.answer,3,B0.15-5,16,27,0.6666666666666666,0.02918918918918919,6
6,1,256B,1,1,1,1,1,1,SetState.use_set_state_minimal,greedy_ensemble_obey,15,5dice-3,RedflagsEnum.answer,3,B0.15-5,10,46,0.6666666666666666,0.10407239819004525,1
6,1,256B,1,1,1,1,1,1,SetState.use_set_state_minimal,greedy_ensemble_obey,15,1tiny,RedflagsEnum.answer,3,B0.15-5,13,53,0.8666666666666667,0.05626326963906582,2
6,1,256B,1,1,1,1,1,1,SetState.use_set_state_minimal,greedy_ensemble_obey,120,real-life,RedflagsEnum.answer,3,B0.15-5,105,82,0.875,0.08175473579262213,40
6,1,256B,1,1,1,1,1,1,SetState.use_set_state_minimal,greedy_ensemble_priority,120,real-life,RedflagsEnum.answer,3,B0.15-5,105,82,0.875,0.08175473579262213,40
6,1,256B,1,1,1,1,1,1,SetState.use_set_state_minimal,greedy_ensemble_priority,8,5dice-2-1000epoch,RedflagsEnum.answer,3,B0.15-5,8,53,1.0,0.05817782656421515,3
6,1,256B,1,1,1,1,1,1,SetState.use_set_state_minimal,greedy_ensemble_priority,30,fill_one_drone,RedflagsEnum.answer,3,B0.15-5,19,109,0.6333333333333333,0.11065989847715736,8
6,1,256B,1,1,1,1,1,1,SetState.use_set_state_minimal,greedy_ensemble_priority,20,orig-100birds,RedflagsEnum.answer,3,B0.15-5,14,233,0.7,1.0,3
6,1,256B,1,1,1,1,1,1,SetState.use_set_state_minimal,greedy_ensemble_priority,24,U-1-ch,RedflagsEnum.answer,3,B0.15-5,17,28,0.7083333333333334,0.03027027027027027,6
6,1,256B,1,1,1,1,1,1,SetState.use_set_state_minimal,greedy_ensemble_priority,4,orig,RedflagsEnum.answer,3,B0.15-5,4,5,1.0,0.02145922746781116,3
6,1,256B,1,1,1,1,1,1,SetState.use_set_state_minimal,greedy_ensemble_priority,15,5dice-3,RedflagsEnum.answer,3,B0.15-5,8,84,0.5333333333333333,0.19004524886877827,1
6,1,256B,1,1,1,1,1,1,SetState.use_set_state_minimal,greedy_ensemble_priority,15,1tiny,RedflagsEnum.answer,3,B0.15-5,11,74,0.7333333333333333,0.07855626326963906,2
6,1,256B,1,1,1,1,1,1,SetState.use_set_state_minimal,greedy_drone,120,real-life,RedflagsEnum.answer,3,B0.15-5,105,14,0.875,0.013958125623130608,40
6,1,256B,1,1,1,1,1,1,SetState.use_set_state_minimal,greedy_drone,8,5dice-2-1000epoch,RedflagsEnum.answer,3,B0.15-5,8,54,1.0,0.059275521405049394,3
6,1,256B,1,1,1,1,1,1,SetState.use_set_state_minimal,greedy_drone,30,fill_one_drone,RedflagsEnum.answer,3,B0.15-5,24,57,0.8,0.05786802030456853,8
6,1,256B,1,1,1,1,1,1,SetState.use_set_state_minimal,greedy_drone,20,orig-100birds,RedflagsEnum.answer,3,B0.15-5,15,217,0.75,0.9313304721030042,3
6,1,256B,1,1,1,1,1,1,SetState.use_set_state_minimal,greedy_drone,24,U-1-ch,RedflagsEnum.answer,3,B0.15-5,16,25,0.6666666666666666,0.02702702702702703,6
6,1,256B,1,1,1,1,1,1,SetState.use_set_state_minimal,greedy_drone,4,orig,RedflagsEnum.answer,3,B0.15-5,3,36,0.75,0.15450643776824036,3
6,1,256B,1,1,1,1,1,1,SetState.use_set_state_minimal,greedy_drone,15,5dice-3,RedflagsEnum.answer,3,B0.15-5,8,59,0.5333333333333333,0.1334841628959276,1
6,1,256B,1,1,1,1,1,1,SetState.use_set_state_minimal,greedy_drone,15,1tiny,RedflagsEnum.answer,3,B0.15-5,13,57,0.8666666666666667,0.06050955414012739,2
6,0,256B,1,1,1,1,1,1,SetState.use_set_state_minimal,baseline_with_rf_argmax,120,real-life,RedflagsEnum.answer,3,none,105,270,0.875,0.2691924227318046,40
6,0,256B,1,1,1,1,1,1,SetState.use_set_state_minimal,baseline_with_rf_argmax,20,orig-100birds,RedflagsEnum.answer,3,none,13,233,0.65,1.0,3
6,0,256B,1,1,1,1,1,1,SetState.use_set_state_minimal,baseline_with_rf_argmax,30,fill_one_drone,RedflagsEnum.answer,3,none,18,578,0.6,0.5868020304568528,8
6,0,256B,1,1,1,1,1,1,SetState.use_set_state_minimal,baseline_with_rf_argmax,24,U-1-ch,RedflagsEnum.answer,3,none,9,449,0.375,0.4854054054054054,6
6,0,256B,1,1,1,1,1,1,SetState.use_set_state_minimal,baseline_with_rf_argmax,4,orig,RedflagsEnum.answer,3,none,4,73,1.0,0.3133047210300429,3
6,0,256B,1,1,1,1,1,1,SetState.use_set_state_minimal,baseline_with_rf_argmax,15,5dice-3,RedflagsEnum.answer,3,none,2,393,0.13333333333333333,0.8891402714932126,1
6,0,256B,1,1,1,1,1,1,SetState.use_set_state_minimal,baseline_with_rf_argmax,8,5dice-2-1000epoch,RedflagsEnum.answer,3,none,6,303,0.75,0.33260153677277715,3
6,0,256B,1,1,1,1,1,1,SetState.use_set_state_minimal,baseline_with_rf_argmax,15,1tiny,RedflagsEnum.answer,3,none,8,264,0.5333333333333333,0.2802547770700637,2
6,0,256B,0,0,0,0,0,0,SetState.use_set_state_minimal,argmax,120,real-life,RedflagsEnum.answer,3,none,105,358,0.875,0.35692921236291125,40
6,0,256B,0,0,0,0,0,0,SetState.use_set_state_minimal,argmax,8,5dice-2-1000epoch,RedflagsEnum.answer,3,none,8,388,1.0,0.42590559824368823,3
6,0,256B,0,0,0,0,0,0,SetState.use_set_state_minimal,argmax,30,fill_one_drone,RedflagsEnum.answer,3,none,16,812,0.5333333333333333,0.8243654822335026,8
6,0,256B,0,0,0,0,0,0,SetState.use_set_state_minimal,argmax,20,orig-100birds,RedflagsEnum.answer,3,none,6,233,0.3,1.0,3
6,0,256B,0,0,0,0,0,0,SetState.use_set_state_minimal,argmax,24,U-1-ch,RedflagsEnum.answer,3,none,12,500,0.5,0.5405405405405406,6
6,0,256B,0,0,0,0,0,0,SetState.use_set_state_minimal,argmax,4,orig,RedflagsEnum.answer,3,none,4,99,1.0,0.4248927038626609,3
6,0,256B,0,0,0,0,0,0,SetState.use_set_state_minimal,argmax,15,5dice-3,RedflagsEnum.answer,3,none,4,442,0.26666666666666666,1.0,1
6,0,256B,0,0,0,0,0,0,SetState.use_set_state_minimal,argmax,15,1tiny,RedflagsEnum.answer,3,none,4,303,0.26666666666666666,0.321656050955414,2
6,0,256B,0,0,0,0,0,0,SetState.use_set_state_minimal,betterbaseline,120,real-life,RedflagsEnum.answer,3,none,104,249,0.8666666666666667,0.24825523429710866,40
6,0,256B,0,0,0,0,0,0,SetState.use_set_state_minimal,betterbaseline,20,orig-100birds,RedflagsEnum.answer,3,none,6,233,0.3,1.0,3
6,0,256B,0,0,0,0,0,0,SetState.use_set_state_minimal,betterbaseline,30,fill_one_drone,RedflagsEnum.answer,3,none,11,686,0.36666666666666664,0.6964467005076143,8
6,0,256B,0,0,0,0,0,0,SetState.use_set_state_minimal,betterbaseline,4,orig,RedflagsEnum.answer,3,none,4,109,1.0,0.4678111587982833,3
6,0,256B,0,0,0,0,0,0,SetState.use_set_state_minimal,betterbaseline,24,U-1-ch,RedflagsEnum.answer,3,none,5,417,0.20833333333333334,0.4508108108108108,6
6,0,256B,0,0,0,0,0,0,SetState.use_set_state_minimal,betterbaseline,15,5dice-3,RedflagsEnum.answer,3,none,1,437,0.06666666666666667,0.9886877828054299,1
6,0,256B,0,0,0,0,0,0,SetState.use_set_state_minimal,betterbaseline,8,5dice-2-1000epoch,RedflagsEnum.answer,3,none,3,371,0.375,0.407244785949506,3
6,0,256B,0,0,0,0,0,0,SetState.use_set_state_minimal,betterbaseline,15,1tiny,RedflagsEnum.answer,3,none,2,288,0.13333333333333333,0.3057324840764331,2
5,1,256B,0,0,0,0,0,0,SetState.use_set_state_minimal,baseline_with_composiion,120,real-life,RedflagsEnum.answer,3,none,99,26,0.825,0.0259222333000997,40
5,1,256B,0,0,0,0,0,0,SetState.use_set_state_minimal,baseline_with_composiion,30,fill_one_drone,RedflagsEnum.answer,3,none,6,265,0.2,0.26903553299492383,8
5,1,256B,0,0,0,0,0,0,SetState.use_set_state_minimal,baseline_with_composiion,24,U-1-ch,RedflagsEnum.answer,3,none,1,420,0.041666666666666664,0.4540540540540541,6
5,1,256B,0,0,0,0,0,0,SetState.use_set_state_minimal,baseline_with_composiion,15,1tiny,RedflagsEnum.answer,3,none,4,248,0.26666666666666666,0.2632696390658174,2
5,1,256B,0,0,0,0,0,0,SetState.use_set_state_minimal,baseline_with_composiion,15,5dice-3,RedflagsEnum.answer,3,none,1,372,0.06666666666666667,0.8416289592760181,1
5,1,256B,0,0,0,0,0,0,SetState.use_set_state_minimal,baseline_with_composiion,8,5dice-2-1000epoch,RedflagsEnum.answer,3,none,4,308,0.5,0.3380900109769484,3
5,1,256B,0,0,0,0,0,0,SetState.use_set_state_minimal,baseline_with_composiion,4,orig,RedflagsEnum.answer,3,none,2,96,0.5,0.41201716738197425,3
5,1,256B,1,1,1,1,1,1,SetState.use_set_state_minimal,greedy_ensemble_obey,4,orig,RedflagsEnum.answer,3,B0.15-5,0,1,0.0,0.004291845493562232,3
5,1,256B,1,1,1,1,1,1,SetState.use_set_state_minimal,greedy_ensemble_obey,30,fill_one_drone,RedflagsEnum.answer,3,B0.15-5,17,105,0.5666666666666667,0.1065989847715736,8
5,1,256B,1,1,1,1,1,1,SetState.use_set_state_minimal,greedy_ensemble_obey,24,U-1-ch,RedflagsEnum.answer,3,B0.15-5,14,48,0.5833333333333334,0.05189189189189189,6
5,1,256B,1,1,1,1,1,1,SetState.use_set_state_minimal,greedy_ensemble_obey,15,1tiny,RedflagsEnum.answer,3,B0.15-5,13,66,0.8666666666666667,0.07006369426751592,2
5,1,256B,1,1,1,1,1,1,SetState.use_set_state_minimal,greedy_ensemble_obey,15,5dice-3,RedflagsEnum.answer,3,B0.15-5,10,49,0.6666666666666666,0.11085972850678733,1
5,1,256B,1,1,1,1,1,1,SetState.use_set_state_minimal,greedy_ensemble_obey,120,real-life,RedflagsEnum.answer,3,B0.15-5,100,94,0.8333333333333334,0.09371884346959122,40
5,1,256B,1,1,1,1,1,1,SetState.use_set_state_minimal,greedy_ensemble_obey_partial,4,orig,RedflagsEnum.answer,3,B0.15-5,0,1,0.0,0.004291845493562232,3
5,1,256B,1,1,1,1,1,1,SetState.use_set_state_minimal,greedy_ensemble_obey_partial,30,fill_one_drone,RedflagsEnum.answer,3,B0.15-5,17,105,0.5666666666666667,0.1065989847715736,8
5,1,256B,1,1,1,1,1,1,SetState.use_set_state_minimal,greedy_ensemble_obey_partial,24,U-1-ch,RedflagsEnum.answer,3,B0.15-5,14,48,0.5833333333333334,0.05189189189189189,6
5,1,256B,1,1,1,1,1,1,SetState.use_set_state_minimal,greedy_ensemble_obey_partial,15,5dice-3,RedflagsEnum.answer,3,B0.15-5,10,49,0.6666666666666666,0.11085972850678733,1
5,1,256B,1,1,1,1,1,1,SetState.use_set_state_minimal,greedy_ensemble_obey_partial,15,1tiny,RedflagsEnum.answer,3,B0.15-5,13,66,0.8666666666666667,0.07006369426751592,2
5,1,256B,1,1,1,1,1,1,SetState.use_set_state_minimal,greedy_ensemble_obey_partial,120,real-life,RedflagsEnum.answer,3,B0.15-5,100,94,0.8333333333333334,0.09371884346959122,40
5,1,256B,1,1,1,1,1,1,SetState.use_set_state_minimal,greedy_ensemble_priority,120,real-life,RedflagsEnum.answer,3,B0.15-5,100,94,0.8333333333333334,0.09371884346959122,40
5,1,256B,1,1,1,1,1,1,SetState.use_set_state_minimal,greedy_ensemble_priority,8,5dice-2-1000epoch,RedflagsEnum.answer,3,B0.15-5,8,46,1.0,0.050493962678375415,3
5,1,256B,1,1,1,1,1,1,SetState.use_set_state_minimal,greedy_ensemble_priority,30,fill_one_drone,RedflagsEnum.answer,3,B0.15-5,21,150,0.7,0.15228426395939088,8
5,1,256B,1,1,1,1,1,1,SetState.use_set_state_minimal,greedy_ensemble_priority,20,orig-100birds,RedflagsEnum.answer,3,B0.15-5,10,233,0.5,1.0,3
5,1,256B,1,1,1,1,1,1,SetState.use_set_state_minimal,greedy_ensemble_priority,24,U-1-ch,RedflagsEnum.answer,3,B0.15-5,14,41,0.5833333333333334,0.04432432432432432,6
5,1,256B,1,1,1,1,1,1,SetState.use_set_state_minimal,greedy_ensemble_priority,4,orig,RedflagsEnum.answer,3,B0.15-5,2,63,0.5,0.2703862660944206,3
5,1,256B,1,1,1,1,1,1,SetState.use_set_state_minimal,greedy_ensemble_priority,15,5dice-3,RedflagsEnum.answer,3,B0.15-5,9,57,0.6,0.12895927601809956,1
5,1,256B,1,1,1,1,1,1,SetState.use_set_state_minimal,greedy_ensemble_priority,15,1tiny,RedflagsEnum.answer,3,B0.15-5,13,46,0.8666666666666667,0.04883227176220807,2
5,1,256B,1,1,1,1,1,1,SetState.use_set_state_minimal,greedy_drone,120,real-life,RedflagsEnum.answer,3,B0.15-5,100,30,0.8333333333333334,0.02991026919242273,40
5,1,256B,1,1,1,1,1,1,SetState.use_set_state_minimal,greedy_drone,8,5dice-2-1000epoch,RedflagsEnum.answer,3,B0.15-5,8,76,1.0,0.08342480790340286,3
5,1,256B,1,1,1,1,1,1,SetState.use_set_state_minimal,greedy_drone,30,fill_one_drone,RedflagsEnum.answer,3,B0.15-5,22,55,0.7333333333333333,0.05583756345177665,8
5,1,256B,1,1,1,1,1,1,SetState.use_set_state_minimal,greedy_drone,20,orig-100birds,RedflagsEnum.answer,3,B0.15-5,2,233,0.1,1.0,3
5,1,256B,1,1,1,1,1,1,SetState.use_set_state_minimal,greedy_drone,24,U-1-ch,RedflagsEnum.answer,3,B0.15-5,19,49,0.7916666666666666,0.05297297297297297,6
5,1,256B,1,1,1,1,1,1,SetState.use_set_state_minimal,greedy_drone,4,orig,RedflagsEnum.answer,3,B0.15-5,2,51,0.5,0.21888412017167383,3
5,1,256B,1,1,1,1,1,1,SetState.use_set_state_minimal,greedy_drone,15,5dice-3,RedflagsEnum.answer,3,B0.15-5,8,140,0.5333333333333333,0.3167420814479638,1
5,1,256B,1,1,1,1,1,1,SetState.use_set_state_minimal,greedy_drone,15,1tiny,RedflagsEnum.answer,3,B0.15-5,11,58,0.7333333333333333,0.06157112526539278,2
5,0,256B,1,1,1,1,1,1,SetState.use_set_state_minimal,baseline_with_rf_argmax,120,real-life,RedflagsEnum.answer,3,none,100,285,0.8333333333333334,0.28414755732801594,40
5,0,256B,1,1,1,1,1,1,SetState.use_set_state_minimal,baseline_with_rf_argmax,30,fill_one_drone,RedflagsEnum.answer,3,none,21,631,0.7,0.6406091370558376,8
5,0,256B,1,1,1,1,1,1,SetState.use_set_state_minimal,baseline_with_rf_argmax,20,orig-100birds,RedflagsEnum.answer,3,none,12,233,0.6,1.0,3
5,0,256B,1,1,1,1,1,1,SetState.use_set_state_minimal,baseline_with_rf_argmax,4,orig,RedflagsEnum.answer,3,none,2,80,0.5,0.34334763948497854,3
5,0,256B,1,1,1,1,1,1,SetState.use_set_state_minimal,baseline_with_rf_argmax,24,U-1-ch,RedflagsEnum.answer,3,none,7,441,0.2916666666666667,0.47675675675675677,6
5,0,256B,1,1,1,1,1,1,SetState.use_set_state_minimal,baseline_with_rf_argmax,8,5dice-2-1000epoch,RedflagsEnum.answer,3,none,7,363,0.875,0.39846322722283206,3
5,0,256B,1,1,1,1,1,1,SetState.use_set_state_minimal,baseline_with_rf_argmax,15,5dice-3,RedflagsEnum.answer,3,none,2,378,0.13333333333333333,0.8552036199095022,1
5,0,256B,1,1,1,1,1,1,SetState.use_set_state_minimal,baseline_with_rf_argmax,15,1tiny,RedflagsEnum.answer,3,none,8,201,0.5333333333333333,0.21337579617834396,2
5,0,256B,0,0,0,0,0,0,SetState.use_set_state_minimal,argmax,120,real-life,RedflagsEnum.answer,3,none,100,377,0.8333333333333334,0.37587238285144564,40
5,0,256B,0,0,0,0,0,0,SetState.use_set_state_minimal,argmax,8,5dice-2-1000epoch,RedflagsEnum.answer,3,none,8,398,1.0,0.43688254665203075,3
5,0,256B,0,0,0,0,0,0,SetState.use_set_state_minimal,argmax,30,fill_one_drone,RedflagsEnum.answer,3,none,16,814,0.5333333333333333,0.8263959390862944,8
5,0,256B,0,0,0,0,0,0,SetState.use_set_state_minimal,argmax,20,orig-100birds,RedflagsEnum.answer,3,none,6,233,0.3,1.0,3
5,0,256B,0,0,0,0,0,0,SetState.use_set_state_minimal,argmax,24,U-1-ch,RedflagsEnum.answer,3,none,12,514,0.5,0.5556756756756757,6
5,0,256B,0,0,0,0,0,0,SetState.use_set_state_minimal,argmax,4,orig,RedflagsEnum.answer,3,none,2,87,0.5,0.37339055793991416,3
5,0,256B,0,0,0,0,0,0,SetState.use_set_state_minimal,argmax,15,5dice-3,RedflagsEnum.answer,3,none,4,442,0.26666666666666666,1.0,1
5,0,256B,0,0,0,0,0,0,SetState.use_set_state_minimal,argmax,15,1tiny,RedflagsEnum.answer,3,none,3,326,0.2,0.346072186836518,2
5,0,256B,0,0,0,0,0,0,SetState.use_set_state_minimal,betterbaseline,120,real-life,RedflagsEnum.answer,3,none,100,261,0.8333333333333334,0.26021934197407776,40
5,0,256B,0,0,0,0,0,0,SetState.use_set_state_minimal,betterbaseline,30,fill_one_drone,RedflagsEnum.answer,3,none,8,725,0.26666666666666666,0.7360406091370558,8
5,0,256B,0,0,0,0,0,0,SetState.use_set_state_minimal,betterbaseline,20,orig-100birds,RedflagsEnum.answer,3,none,5,233,0.25,1.0,3
5,0,256B,0,0,0,0,0,0,SetState.use_set_state_minimal,betterbaseline,4,orig,RedflagsEnum.answer,3,none,2,117,0.5,0.5021459227467812,3
5,0,256B,0,0,0,0,0,0,SetState.use_set_state_minimal,betterbaseline,24,U-1-ch,RedflagsEnum.answer,3,none,5,496,0.20833333333333334,0.5362162162162162,6
5,0,256B,0,0,0,0,0,0,SetState.use_set_state_minimal,betterbaseline,15,5dice-3,RedflagsEnum.answer,3,none,1,412,0.06666666666666667,0.9321266968325792,1
5,0,256B,0,0,0,0,0,0,SetState.use_set_state_minimal,betterbaseline,8,5dice-2-1000epoch,RedflagsEnum.answer,3,none,1,390,0.125,0.4281009879253567,3
5,0,256B,0,0,0,0,0,0,SetState.use_set_state_minimal,betterbaseline,15,1tiny,RedflagsEnum.answer,3,none,3,258,0.2,0.27388535031847133,2
4,1,256B,0,0,0,0,0,0,SetState.use_set_state_minimal,baseline_with_composiion,120,real-life,RedflagsEnum.answer,3,none,98,7,0.8166666666666667,0.006979062811565304,40
4,1,256B,0,0,0,0,0,0,SetState.use_set_state_minimal,baseline_with_composiion,8,5dice-2-1000epoch,RedflagsEnum.answer,3,none,4,311,0.5,0.3413830954994512,3
4,1,256B,0,0,0,0,0,0,SetState.use_set_state_minimal,baseline_with_composiion,30,fill_one_drone,RedflagsEnum.answer,3,none,7,266,0.23333333333333334,0.2700507614213198,8
4,1,256B,0,0,0,0,0,0,SetState.use_set_state_minimal,baseline_with_composiion,24,U-1-ch,RedflagsEnum.answer,3,none,1,436,0.041666666666666664,0.47135135135135137,6
4,1,256B,0,0,0,0,0,0,SetState.use_set_state_minimal,baseline_with_composiion,15,5dice-3,RedflagsEnum.answer,3,none,2,376,0.13333333333333333,0.8506787330316742,1
4,1,256B,0,0,0,0,0,0,SetState.use_set_state_minimal,baseline_with_composiion,15,1tiny,RedflagsEnum.answer,3,none,3,298,0.2,0.31634819532908703,2
4,1,256B,0,0,0,0,0,0,SetState.use_set_state_minimal,baseline_with_composiion,4,orig,RedflagsEnum.answer,3,none,3,71,0.75,0.30472103004291845,3
4,1,256B,1,1,1,1,1,1,SetState.use_set_state_minimal,greedy_ensemble_obey,4,orig,RedflagsEnum.answer,3,B0.15-5,0,1,0.0,0.004291845493562232,3
4,1,256B,1,1,1,1,1,1,SetState.use_set_state_minimal,greedy_ensemble_obey,30,fill_one_drone,RedflagsEnum.answer,3,B0.15-5,17,148,0.5666666666666667,0.150253807106599,8
4,1,256B,1,1,1,1,1,1,SetState.use_set_state_minimal,greedy_ensemble_obey,24,U-1-ch,RedflagsEnum.answer,3,B0.15-5,14,33,0.5833333333333334,0.03567567567567568,6
4,1,256B,1,1,1,1,1,1,SetState.use_set_state_minimal,greedy_ensemble_obey,15,1tiny,RedflagsEnum.answer,3,B0.15-5,12,49,0.8,0.05201698513800425,2
4,1,256B,1,1,1,1,1,1,SetState.use_set_state_minimal,greedy_ensemble_obey,15,5dice-3,RedflagsEnum.answer,3,B0.15-5,9,38,0.6,0.08597285067873303,1
4,1,256B,1,1,1,1,1,1,SetState.use_set_state_minimal,greedy_ensemble_obey,120,real-life,RedflagsEnum.answer,3,B0.15-5,97,87,0.8083333333333333,0.08673978065802593,40
4,1,256B,1,1,1,1,1,1,SetState.use_set_state_minimal,greedy_ensemble_obey_partial,4,orig,RedflagsEnum.answer,3,B0.15-5,0,1,0.0,0.004291845493562232,3
4,1,256B,1,1,1,1,1,1,SetState.use_set_state_minimal,greedy_ensemble_obey_partial,30,fill_one_drone,RedflagsEnum.answer,3,B0.15-5,17,148,0.5666666666666667,0.150253807106599,8
4,1,256B,1,1,1,1,1,1,SetState.use_set_state_minimal,greedy_ensemble_obey_partial,24,U-1-ch,RedflagsEnum.answer,3,B0.15-5,14,33,0.5833333333333334,0.03567567567567568,6
4,1,256B,1,1,1,1,1,1,SetState.use_set_state_minimal,greedy_ensemble_obey_partial,15,5dice-3,RedflagsEnum.answer,3,B0.15-5,9,38,0.6,0.08597285067873303,1
4,1,256B,1,1,1,1,1,1,SetState.use_set_state_minimal,greedy_ensemble_obey_partial,15,1tiny,RedflagsEnum.answer,3,B0.15-5,12,49,0.8,0.05201698513800425,2
4,1,256B,1,1,1,1,1,1,SetState.use_set_state_minimal,greedy_ensemble_obey_partial,120,real-life,RedflagsEnum.answer,3,B0.15-5,97,87,0.8083333333333333,0.08673978065802593,40
4,1,256B,1,1,1,1,1,1,SetState.use_set_state_minimal,greedy_drone,120,real-life,RedflagsEnum.answer,3,B0.15-5,99,12,0.825,0.011964107676969093,40
4,1,256B,1,1,1,1,1,1,SetState.use_set_state_minimal,greedy_drone,8,5dice-2-1000epoch,RedflagsEnum.answer,3,B0.15-5,7,106,0.875,0.1163556531284303,3
4,1,256B,1,1,1,1,1,1,SetState.use_set_state_minimal,greedy_drone,30,fill_one_drone,RedflagsEnum.answer,3,B0.15-5,20,70,0.6666666666666666,0.07106598984771574,8
4,1,256B,1,1,1,1,1,1,SetState.use_set_state_minimal,greedy_drone,20,orig-100birds,RedflagsEnum.answer,3,B0.15-5,15,226,0.75,0.9699570815450643,3
4,1,256B,1,1,1,1,1,1,SetState.use_set_state_minimal,greedy_drone,24,U-1-ch,RedflagsEnum.answer,3,B0.15-5,19,35,0.7916666666666666,0.03783783783783784,6
4,1,256B,1,1,1,1,1,1,SetState.use_set_state_minimal,greedy_drone,4,orig,RedflagsEnum.answer,3,B0.15-5,2,62,0.5,0.26609442060085836,3
4,1,256B,1,1,1,1,1,1,SetState.use_set_state_minimal,greedy_drone,15,5dice-3,RedflagsEnum.answer,3,B0.15-5,7,154,0.4666666666666667,0.34841628959276016,1
4,1,256B,1,1,1,1,1,1,SetState.use_set_state_minimal,greedy_drone,15,1tiny,RedflagsEnum.answer,3,B0.15-5,11,50,0.7333333333333333,0.05307855626326964,2
4,1,256B,1,1,1,1,1,1,SetState.use_set_state_minimal,greedy_ensemble_priority,120,real-life,RedflagsEnum.answer,3,B0.15-5,97,87,0.8083333333333333,0.08673978065802593,40
4,1,256B,1,1,1,1,1,1,SetState.use_set_state_minimal,greedy_ensemble_priority,8,5dice-2-1000epoch,RedflagsEnum.answer,3,B0.15-5,8,58,1.0,0.06366630076838639,3
4,1,256B,1,1,1,1,1,1,SetState.use_set_state_minimal,greedy_ensemble_priority,30,fill_one_drone,RedflagsEnum.answer,3,B0.15-5,18,136,0.6,0.13807106598984772,8
4,1,256B,1,1,1,1,1,1,SetState.use_set_state_minimal,greedy_ensemble_priority,20,orig-100birds,RedflagsEnum.answer,3,B0.15-5,15,233,0.75,1.0,3
4,1,256B,1,1,1,1,1,1,SetState.use_set_state_minimal,greedy_ensemble_priority,24,U-1-ch,RedflagsEnum.answer,3,B0.15-5,16,35,0.6666666666666666,0.03783783783783784,6
4,1,256B,1,1,1,1,1,1,SetState.use_set_state_minimal,greedy_ensemble_priority,4,orig,RedflagsEnum.answer,3,B0.15-5,3,53,0.75,0.22746781115879827,3
4,1,256B,1,1,1,1,1,1,SetState.use_set_state_minimal,greedy_ensemble_priority,15,5dice-3,RedflagsEnum.answer,3,B0.15-5,9,45,0.6,0.10180995475113122,1
4,1,256B,1,1,1,1,1,1,SetState.use_set_state_minimal,greedy_ensemble_priority,15,1tiny,RedflagsEnum.answer,3,B0.15-5,12,45,0.8,0.04777070063694268,2
4,0,256B,1,1,1,1,1,1,SetState.use_set_state_minimal,baseline_with_rf_argmax,120,real-life,RedflagsEnum.answer,3,none,99,348,0.825,0.3469591226321037,40
4,0,256B,1,1,1,1,1,1,SetState.use_set_state_minimal,baseline_with_rf_argmax,30,fill_one_drone,RedflagsEnum.answer,3,none,16,651,0.5333333333333333,0.6609137055837564,8
4,0,256B,1,1,1,1,1,1,SetState.use_set_state_minimal,baseline_with_rf_argmax,20,orig-100birds,RedflagsEnum.answer,3,none,13,233,0.65,1.0,3
4,0,256B,1,1,1,1,1,1,SetState.use_set_state_minimal,baseline_with_rf_argmax,4,orig,RedflagsEnum.answer,3,none,3,93,0.75,0.39914163090128757,3
4,0,256B,1,1,1,1,1,1,SetState.use_set_state_minimal,baseline_with_rf_argmax,24,U-1-ch,RedflagsEnum.answer,3,none,7,466,0.2916666666666667,0.5037837837837837,6
4,0,256B,1,1,1,1,1,1,SetState.use_set_state_minimal,baseline_with_rf_argmax,15,5dice-3,RedflagsEnum.answer,3,none,2,381,0.13333333333333333,0.8619909502262444,1
4,0,256B,1,1,1,1,1,1,SetState.use_set_state_minimal,baseline_with_rf_argmax,8,5dice-2-1000epoch,RedflagsEnum.answer,3,none,6,349,0.75,0.38309549945115257,3
4,0,256B,1,1,1,1,1,1,SetState.use_set_state_minimal,baseline_with_rf_argmax,15,1tiny,RedflagsEnum.answer,3,none,7,274,0.4666666666666667,0.2908704883227176,2
4,0,256B,0,0,0,0,0,0,SetState.use_set_state_minimal,argmax,120,real-life,RedflagsEnum.answer,3,none,99,360,0.825,0.3589232303090728,40
4,0,256B,0,0,0,0,0,0,SetState.use_set_state_minimal,argmax,8,5dice-2-1000epoch,RedflagsEnum.answer,3,none,8,398,1.0,0.43688254665203075,3
4,0,256B,0,0,0,0,0,0,SetState.use_set_state_minimal,argmax,30,fill_one_drone,RedflagsEnum.answer,3,none,16,854,0.5333333333333333,0.867005076142132,8
4,0,256B,0,0,0,0,0,0,SetState.use_set_state_minimal,argmax,20,orig-100birds,RedflagsEnum.answer,3,none,6,233,0.3,1.0,3
4,0,256B,0,0,0,0,0,0,SetState.use_set_state_minimal,argmax,24,U-1-ch,RedflagsEnum.answer,3,none,12,538,0.5,0.5816216216216217,6
4,0,256B,0,0,0,0,0,0,SetState.use_set_state_minimal,argmax,4,orig,RedflagsEnum.answer,3,none,3,83,0.75,0.3562231759656652,3
4,0,256B,0,0,0,0,0,0,SetState.use_set_state_minimal,argmax,15,5dice-3,RedflagsEnum.answer,3,none,5,442,0.3333333333333333,1.0,1
4,0,256B,0,0,0,0,0,0,SetState.use_set_state_minimal,argmax,15,1tiny,RedflagsEnum.answer,3,none,4,370,0.26666666666666666,0.39278131634819535,2
4,0,256B,0,0,0,0,0,0,SetState.use_set_state_minimal,betterbaseline,120,real-life,RedflagsEnum.answer,3,none,99,260,0.825,0.259222333000997,40
4,0,256B,0,0,0,0,0,0,SetState.use_set_state_minimal,betterbaseline,30,fill_one_drone,RedflagsEnum.answer,3,none,11,733,0.36666666666666664,0.7441624365482233,8
4,0,256B,0,0,0,0,0,0,SetState.use_set_state_minimal,betterbaseline,20,orig-100birds,RedflagsEnum.answer,3,none,5,233,0.25,1.0,3
4,0,256B,0,0,0,0,0,0,SetState.use_set_state_minimal,betterbaseline,4,orig,RedflagsEnum.answer,3,none,3,81,0.75,0.34763948497854075,3
4,0,256B,0,0,0,0,0,0,SetState.use_set_state_minimal,betterbaseline,24,U-1-ch,RedflagsEnum.answer,3,none,6,568,0.25,0.614054054054054,6
4,0,256B,0,0,0,0,0,0,SetState.use_set_state_minimal,betterbaseline,8,5dice-2-1000epoch,RedflagsEnum.answer,3,none,1,421,0.125,0.4621295279912184,3
4,0,256B,0,0,0,0,0,0,SetState.use_set_state_minimal,betterbaseline,15,5dice-3,RedflagsEnum.answer,3,none,1,413,0.06666666666666667,0.9343891402714932,1
4,0,256B,0,0,0,0,0,0,SetState.use_set_state_minimal,betterbaseline,15,1tiny,RedflagsEnum.answer,3,none,3,324,0.2,0.34394904458598724,2
3,1,256B,0,0,0,0,0,0,SetState.use_set_state_minimal,baseline_with_composiion,120,real-life,RedflagsEnum.answer,3,none,101,21,0.8416666666666667,0.020937188434695914,40
3,1,256B,0,0,0,0,0,0,SetState.use_set_state_minimal,baseline_with_composiion,30,fill_one_drone,RedflagsEnum.answer,3,none,7,281,0.23333333333333334,0.28527918781725886,8
3,1,256B,0,0,0,0,0,0,SetState.use_set_state_minimal,baseline_with_composiion,15,1tiny,RedflagsEnum.answer,3,none,3,244,0.2,0.25902335456475584,2
3,1,256B,0,0,0,0,0,0,SetState.use_set_state_minimal,baseline_with_composiion,8,5dice-2-1000epoch,RedflagsEnum.answer,3,none,4,229,0.5,0.2513721185510428,3
3,1,256B,0,0,0,0,0,0,SetState.use_set_state_minimal,baseline_with_composiion,24,U-1-ch,RedflagsEnum.answer,3,none,5,290,0.20833333333333334,0.31351351351351353,6
3,1,256B,0,0,0,0,0,0,SetState.use_set_state_minimal,baseline_with_composiion,15,5dice-3,RedflagsEnum.answer,3,none,1,374,0.06666666666666667,0.8461538461538461,1
3,1,256B,0,0,0,0,0,0,SetState.use_set_state_minimal,baseline_with_composiion,4,orig,RedflagsEnum.answer,3,none,2,111,0.5,0.47639484978540775,3
3,1,256B,1,1,1,1,1,1,SetState.use_set_state_minimal,greedy_ensemble_obey_partial,4,orig,RedflagsEnum.answer,3,B0.15-5,0,7,0.0,0.030042918454935622,3
3,1,256B,1,1,1,1,1,1,SetState.use_set_state_minimal,greedy_ensemble_obey_partial,30,fill_one_drone,RedflagsEnum.answer,3,B0.15-5,16,146,0.5333333333333333,0.14822335025380712,8
3,1,256B,1,1,1,1,1,1,SetState.use_set_state_minimal,greedy_ensemble_obey_partial,24,U-1-ch,RedflagsEnum.answer,3,B0.15-5,17,21,0.7083333333333334,0.022702702702702703,6
3,1,256B,1,1,1,1,1,1,SetState.use_set_state_minimal,greedy_ensemble_obey_partial,15,1tiny,RedflagsEnum.answer,3,B0.15-5,12,47,0.8,0.049893842887473464,2
3,1,256B,1,1,1,1,1,1,SetState.use_set_state_minimal,greedy_ensemble_obey_partial,15,5dice-3,RedflagsEnum.answer,3,B0.15-5,8,58,0.5333333333333333,0.13122171945701358,1
3,1,256B,1,1,1,1,1,1,SetState.use_set_state_minimal,greedy_ensemble_obey_partial,120,real-life,RedflagsEnum.answer,3,B0.15-5,99,69,0.825,0.06879361914257229,40
3,1,256B,1,1,1,1,1,1,SetState.use_set_state_minimal,greedy_ensemble_obey,4,orig,RedflagsEnum.answer,3,B0.15-5,0,7,0.0,0.030042918454935622,3
3,1,256B,1,1,1,1,1,1,SetState.use_set_state_minimal,greedy_ensemble_obey,30,fill_one_drone,RedflagsEnum.answer,3,B0.15-5,16,146,0.5333333333333333,0.14822335025380712,8
3,1,256B,1,1,1,1,1,1,SetState.use_set_state_minimal,greedy_ensemble_obey,24,U-1-ch,RedflagsEnum.answer,3,B0.15-5,17,21,0.7083333333333334,0.022702702702702703,6
3,1,256B,1,1,1,1,1,1,SetState.use_set_state_minimal,greedy_ensemble_obey,15,1tiny,RedflagsEnum.answer,3,B0.15-5,12,47,0.8,0.049893842887473464,2
3,1,256B,1,1,1,1,1,1,SetState.use_set_state_minimal,greedy_ensemble_obey,15,5dice-3,RedflagsEnum.answer,3,B0.15-5,8,58,0.5333333333333333,0.13122171945701358,1
3,1,256B,1,1,1,1,1,1,SetState.use_set_state_minimal,greedy_ensemble_obey,120,real-life,RedflagsEnum.answer,3,B0.15-5,99,69,0.825,0.06879361914257229,40
3,1,256B,1,1,1,1,1,1,SetState.use_set_state_minimal,greedy_drone,120,real-life,RedflagsEnum.answer,3,B0.15-5,101,18,0.8416666666666667,0.01794616151545364,40
3,1,256B,1,1,1,1,1,1,SetState.use_set_state_minimal,greedy_drone,8,5dice-2-1000epoch,RedflagsEnum.answer,3,B0.15-5,8,74,1.0,0.08122941822173436,3
3,1,256B,1,1,1,1,1,1,SetState.use_set_state_minimal,greedy_drone,30,fill_one_drone,RedflagsEnum.answer,3,B0.15-5,20,102,0.6666666666666666,0.10355329949238579,8
3,1,256B,1,1,1,1,1,1,SetState.use_set_state_minimal,greedy_drone,20,orig-100birds,RedflagsEnum.answer,3,B0.15-5,4,233,0.2,1.0,3
3,1,256B,1,1,1,1,1,1,SetState.use_set_state_minimal,greedy_drone,24,U-1-ch,RedflagsEnum.answer,3,B0.15-5,20,36,0.8333333333333334,0.03891891891891892,6
3,1,256B,1,1,1,1,1,1,SetState.use_set_state_minimal,greedy_drone,15,5dice-3,RedflagsEnum.answer,3,B0.15-5,8,182,0.5333333333333333,0.4117647058823529,1
3,1,256B,1,1,1,1,1,1,SetState.use_set_state_minimal,greedy_drone,4,orig,RedflagsEnum.answer,3,B0.15-5,2,102,0.5,0.43776824034334766,3
3,1,256B,1,1,1,1,1,1,SetState.use_set_state_minimal,greedy_drone,15,1tiny,RedflagsEnum.answer,3,B0.15-5,13,56,0.8666666666666667,0.059447983014861996,2
3,1,256B,1,1,1,1,1,1,SetState.use_set_state_minimal,greedy_ensemble_priority,120,real-life,RedflagsEnum.answer,3,B0.15-5,99,69,0.825,0.06879361914257229,40
3,1,256B,1,1,1,1,1,1,SetState.use_set_state_minimal,greedy_ensemble_priority,8,5dice-2-1000epoch,RedflagsEnum.answer,3,B0.15-5,8,56,1.0,0.06147091108671789,3
3,1,256B,1,1,1,1,1,1,SetState.use_set_state_minimal,greedy_ensemble_priority,30,fill_one_drone,RedflagsEnum.answer,3,B0.15-5,21,151,0.7,0.1532994923857868,8
3,1,256B,1,1,1,1,1,1,SetState.use_set_state_minimal,greedy_ensemble_priority,20,orig-100birds,RedflagsEnum.answer,3,B0.15-5,12,233,0.6,1.0,3
3,1,256B,1,1,1,1,1,1,SetState.use_set_state_minimal,greedy_ensemble_priority,24,U-1-ch,RedflagsEnum.answer,3,B0.15-5,12,32,0.5,0.034594594594594595,6
3,1,256B,1,1,1,1,1,1,SetState.use_set_state_minimal,greedy_ensemble_priority,15,5dice-3,RedflagsEnum.answer,3,B0.15-5,10,110,0.6666666666666666,0.248868778280543,1
3,1,256B,1,1,1,1,1,1,SetState.use_set_state_minimal,greedy_ensemble_priority,4,orig,RedflagsEnum.answer,3,B0.15-5,3,35,0.75,0.15021459227467812,3
3,1,256B,1,1,1,1,1,1,SetState.use_set_state_minimal,greedy_ensemble_priority,15,1tiny,RedflagsEnum.answer,3,B0.15-5,15,42,1.0,0.044585987261146494,2
3,0,256B,1,1,1,1,1,1,SetState.use_set_state_minimal,baseline_with_rf_argmax,120,real-life,RedflagsEnum.answer,3,none,101,333,0.8416666666666667,0.3320039880358923,40
3,0,256B,1,1,1,1,1,1,SetState.use_set_state_minimal,baseline_with_rf_argmax,30,fill_one_drone,RedflagsEnum.answer,3,none,15,695,0.5,0.7055837563451777,8
3,0,256B,1,1,1,1,1,1,SetState.use_set_state_minimal,baseline_with_rf_argmax,20,orig-100birds,RedflagsEnum.answer,3,none,10,233,0.5,1.0,3
3,0,256B,1,1,1,1,1,1,SetState.use_set_state_minimal,baseline_with_rf_argmax,24,U-1-ch,RedflagsEnum.answer,3,none,7,515,0.2916666666666667,0.5567567567567567,6
3,0,256B,1,1,1,1,1,1,SetState.use_set_state_minimal,baseline_with_rf_argmax,4,orig,RedflagsEnum.answer,3,none,3,119,0.75,0.5107296137339056,3
3,0,256B,1,1,1,1,1,1,SetState.use_set_state_minimal,baseline_with_rf_argmax,15,5dice-3,RedflagsEnum.answer,3,none,2,383,0.13333333333333333,0.8665158371040724,1
3,0,256B,1,1,1,1,1,1,SetState.use_set_state_minimal,baseline_with_rf_argmax,8,5dice-2-1000epoch,RedflagsEnum.answer,3,none,8,393,1.0,0.4313940724478595,3
3,0,256B,1,1,1,1,1,1,SetState.use_set_state_minimal,baseline_with_rf_argmax,15,1tiny,RedflagsEnum.answer,3,none,7,255,0.4666666666666667,0.27070063694267515,2
3,0,256B,0,0,0,0,0,0,SetState.use_set_state_minimal,argmax,120,real-life,RedflagsEnum.answer,3,none,101,353,0.8416666666666667,0.35194416749750745,40
3,0,256B,0,0,0,0,0,0,SetState.use_set_state_minimal,argmax,8,5dice-2-1000epoch,RedflagsEnum.answer,3,none,8,398,1.0,0.43688254665203075,3
3,0,256B,0,0,0,0,0,0,SetState.use_set_state_minimal,argmax,30,fill_one_drone,RedflagsEnum.answer,3,none,16,827,0.5333333333333333,0.8395939086294416,8
3,0,256B,0,0,0,0,0,0,SetState.use_set_state_minimal,argmax,20,orig-100birds,RedflagsEnum.answer,3,none,6,233,0.3,1.0,3
3,0,256B,0,0,0,0,0,0,SetState.use_set_state_minimal,argmax,24,U-1-ch,RedflagsEnum.answer,3,none,12,478,0.5,0.5167567567567568,6
3,0,256B,0,0,0,0,0,0,SetState.use_set_state_minimal,argmax,15,5dice-3,RedflagsEnum.answer,3,none,4,442,0.26666666666666666,1.0,1
3,0,256B,0,0,0,0,0,0,SetState.use_set_state_minimal,argmax,4,orig,RedflagsEnum.answer,3,none,3,107,0.75,0.4592274678111588,3
3,0,256B,0,0,0,0,0,0,SetState.use_set_state_minimal,argmax,15,1tiny,RedflagsEnum.answer,3,none,4,276,0.26666666666666666,0.2929936305732484,2
3,0,256B,0,0,0,0,0,0,SetState.use_set_state_minimal,betterbaseline,120,real-life,RedflagsEnum.answer,3,none,101,314,0.8416666666666667,0.31306081754735793,40
3,0,256B,0,0,0,0,0,0,SetState.use_set_state_minimal,betterbaseline,30,fill_one_drone,RedflagsEnum.answer,3,none,14,723,0.4666666666666667,0.7340101522842639,8
3,0,256B,0,0,0,0,0,0,SetState.use_set_state_minimal,betterbaseline,20,orig-100birds,RedflagsEnum.answer,3,none,4,233,0.2,1.0,3
3,0,256B,0,0,0,0,0,0,SetState.use_set_state_minimal,betterbaseline,4,orig,RedflagsEnum.answer,3,none,3,106,0.75,0.45493562231759654,3
3,0,256B,0,0,0,0,0,0,SetState.use_set_state_minimal,betterbaseline,24,U-1-ch,RedflagsEnum.answer,3,none,5,504,0.20833333333333334,0.5448648648648649,6
3,0,256B,0,0,0,0,0,0,SetState.use_set_state_minimal,betterbaseline,15,5dice-3,RedflagsEnum.answer,3,none,1,409,0.06666666666666667,0.9253393665158371,1
3,0,256B,0,0,0,0,0,0,SetState.use_set_state_minimal,betterbaseline,8,5dice-2-1000epoch,RedflagsEnum.answer,3,none,3,386,0.375,0.42371020856201974,3
3,0,256B,0,0,0,0,0,0,SetState.use_set_state_minimal,betterbaseline,15,1tiny,RedflagsEnum.answer,3,none,3,311,0.2,0.33014861995753714,2
2,1,256B,0,0,0,0,0,0,SetState.use_set_state_minimal,baseline_with_composiion,120,real-life,RedflagsEnum.answer,3,none,101,32,0.8416666666666667,0.031904287138584245,40
2,1,256B,0,0,0,0,0,0,SetState.use_set_state_minimal,baseline_with_composiion,24,U-1-ch,RedflagsEnum.answer,3,none,5,284,0.20833333333333334,0.307027027027027,6
2,1,256B,0,0,0,0,0,0,SetState.use_set_state_minimal,baseline_with_composiion,8,5dice-2-1000epoch,RedflagsEnum.answer,3,none,4,282,0.5,0.30954994511525796,3
2,1,256B,0,0,0,0,0,0,SetState.use_set_state_minimal,baseline_with_composiion,30,fill_one_drone,RedflagsEnum.answer,3,none,4,379,0.13333333333333333,0.3847715736040609,8
2,1,256B,0,0,0,0,0,0,SetState.use_set_state_minimal,baseline_with_composiion,15,1tiny,RedflagsEnum.answer,3,none,4,173,0.26666666666666666,0.18365180467091294,2
2,1,256B,0,0,0,0,0,0,SetState.use_set_state_minimal,baseline_with_composiion,15,5dice-3,RedflagsEnum.answer,3,none,1,389,0.06666666666666667,0.8800904977375565,1
2,1,256B,0,0,0,0,0,0,SetState.use_set_state_minimal,baseline_with_composiion,4,orig,RedflagsEnum.answer,3,none,2,98,0.5,0.4206008583690987,3
2,1,256B,1,1,1,1,1,1,SetState.use_set_state_minimal,greedy_ensemble_obey,4,orig,RedflagsEnum.answer,3,B0.15-5,0,22,0.0,0.0944206008583691,3
2,1,256B,1,1,1,1,1,1,SetState.use_set_state_minimal,greedy_ensemble_obey,30,fill_one_drone,RedflagsEnum.answer,3,B0.15-5,3,212,0.1,0.2152284263959391,8
2,1,256B,1,1,1,1,1,1,SetState.use_set_state_minimal,greedy_ensemble_obey,24,U-1-ch,RedflagsEnum.answer,3,B0.15-5,17,39,0.7083333333333334,0.04216216216216216,6
2,1,256B,1,1,1,1,1,1,SetState.use_set_state_minimal,greedy_ensemble_obey,15,1tiny,RedflagsEnum.answer,3,B0.15-5,12,51,0.8,0.054140127388535034,2
2,1,256B,1,1,1,1,1,1,SetState.use_set_state_minimal,greedy_ensemble_obey,15,5dice-3,RedflagsEnum.answer,3,B0.15-5,11,71,0.7333333333333333,0.16063348416289594,1
2,1,256B,1,1,1,1,1,1,SetState.use_set_state_minimal,greedy_ensemble_obey,120,real-life,RedflagsEnum.answer,3,B0.15-5,100,90,0.8333333333333334,0.0897308075772682,40
2,1,256B,1,1,1,1,1,1,SetState.use_set_state_minimal,greedy_ensemble_obey_partial,4,orig,RedflagsEnum.answer,3,B0.15-5,0,22,0.0,0.0944206008583691,3
2,1,256B,1,1,1,1,1,1,SetState.use_set_state_minimal,greedy_ensemble_obey_partial,30,fill_one_drone,RedflagsEnum.answer,3,B0.15-5,3,216,0.1,0.21928934010152284,8
2,1,256B,1,1,1,1,1,1,SetState.use_set_state_minimal,greedy_ensemble_obey_partial,24,U-1-ch,RedflagsEnum.answer,3,B0.15-5,17,39,0.7083333333333334,0.04216216216216216,6
2,1,256B,1,1,1,1,1,1,SetState.use_set_state_minimal,greedy_ensemble_obey_partial,15,1tiny,RedflagsEnum.answer,3,B0.15-5,12,51,0.8,0.054140127388535034,2
2,1,256B,1,1,1,1,1,1,SetState.use_set_state_minimal,greedy_ensemble_obey_partial,15,5dice-3,RedflagsEnum.answer,3,B0.15-5,11,71,0.7333333333333333,0.16063348416289594,1
2,1,256B,1,1,1,1,1,1,SetState.use_set_state_minimal,greedy_ensemble_obey_partial,120,real-life,RedflagsEnum.answer,3,B0.15-5,100,90,0.8333333333333334,0.0897308075772682,40
2,1,256B,1,1,1,1,1,1,SetState.use_set_state_minimal,greedy_ensemble_priority,120,real-life,RedflagsEnum.answer,3,B0.15-5,100,90,0.8333333333333334,0.0897308075772682,40
2,1,256B,1,1,1,1,1,1,SetState.use_set_state_minimal,greedy_ensemble_priority,8,5dice-2-1000epoch,RedflagsEnum.answer,3,B0.15-5,8,42,1.0,0.04610318331503842,3
2,1,256B,1,1,1,1,1,1,SetState.use_set_state_minimal,greedy_ensemble_priority,30,fill_one_drone,RedflagsEnum.answer,3,B0.15-5,16,173,0.5333333333333333,0.17563451776649747,8
2,1,256B,1,1,1,1,1,1,SetState.use_set_state_minimal,greedy_ensemble_priority,20,orig-100birds,RedflagsEnum.answer,3,B0.15-5,12,233,0.6,1.0,3
2,1,256B,1,1,1,1,1,1,SetState.use_set_state_minimal,greedy_ensemble_priority,4,orig,RedflagsEnum.answer,3,B0.15-5,2,65,0.5,0.27896995708154504,3
2,1,256B,1,1,1,1,1,1,SetState.use_set_state_minimal,greedy_ensemble_priority,24,U-1-ch,RedflagsEnum.answer,3,B0.15-5,13,48,0.5416666666666666,0.05189189189189189,6
2,1,256B,1,1,1,1,1,1,SetState.use_set_state_minimal,greedy_ensemble_priority,15,5dice-3,RedflagsEnum.answer,3,B0.15-5,8,94,0.5333333333333333,0.21266968325791855,1
2,1,256B,1,1,1,1,1,1,SetState.use_set_state_minimal,greedy_ensemble_priority,15,1tiny,RedflagsEnum.answer,3,B0.15-5,13,48,0.8666666666666667,0.050955414012738856,2
2,1,256B,1,1,1,1,1,1,SetState.use_set_state_minimal,greedy_drone,120,real-life,RedflagsEnum.answer,3,B0.15-5,101,26,0.8416666666666667,0.0259222333000997,40
2,1,256B,1,1,1,1,1,1,SetState.use_set_state_minimal,greedy_drone,8,5dice-2-1000epoch,RedflagsEnum.answer,3,B0.15-5,7,75,0.875,0.08232711306256861,3
2,1,256B,1,1,1,1,1,1,SetState.use_set_state_minimal,greedy_drone,30,fill_one_drone,RedflagsEnum.answer,3,B0.15-5,17,79,0.5666666666666667,0.08020304568527918,8
2,1,256B,1,1,1,1,1,1,SetState.use_set_state_minimal,greedy_drone,20,orig-100birds,RedflagsEnum.answer,3,B0.15-5,2,233,0.1,1.0,3
2,1,256B,1,1,1,1,1,1,SetState.use_set_state_minimal,greedy_drone,4,orig,RedflagsEnum.answer,3,B0.15-5,1,108,0.25,0.463519313304721,3
2,1,256B,1,1,1,1,1,1,SetState.use_set_state_minimal,greedy_drone,24,U-1-ch,RedflagsEnum.answer,3,B0.15-5,16,40,0.6666666666666666,0.043243243243243246,6
2,1,256B,1,1,1,1,1,1,SetState.use_set_state_minimal,greedy_drone,15,5dice-3,RedflagsEnum.answer,3,B0.15-5,10,131,0.6666666666666666,0.29638009049773756,1
2,1,256B,1,1,1,1,1,1,SetState.use_set_state_minimal,greedy_drone,15,1tiny,RedflagsEnum.answer,3,B0.15-5,13,65,0.8666666666666667,0.06900212314225053,2
2,0,256B,1,1,1,1,1,1,SetState.use_set_state_minimal,baseline_with_rf_argmax,120,real-life,RedflagsEnum.answer,3,none,100,312,0.8333333333333334,0.31106679960119643,40
2,0,256B,1,1,1,1,1,1,SetState.use_set_state_minimal,baseline_with_rf_argmax,20,orig-100birds,RedflagsEnum.answer,3,none,9,233,0.45,1.0,3
2,0,256B,1,1,1,1,1,1,SetState.use_set_state_minimal,baseline_with_rf_argmax,30,fill_one_drone,RedflagsEnum.answer,3,none,14,742,0.4666666666666667,0.7532994923857868,8
2,0,256B,1,1,1,1,1,1,SetState.use_set_state_minimal,baseline_with_rf_argmax,4,orig,RedflagsEnum.answer,3,none,2,111,0.5,0.47639484978540775,3
2,0,256B,1,1,1,1,1,1,SetState.use_set_state_minimal,baseline_with_rf_argmax,24,U-1-ch,RedflagsEnum.answer,3,none,8,525,0.3333333333333333,0.5675675675675675,6
2,0,256B,1,1,1,1,1,1,SetState.use_set_state_minimal,baseline_with_rf_argmax,8,5dice-2-1000epoch,RedflagsEnum.answer,3,none,7,298,0.875,0.32711306256860595,3
2,0,256B,1,1,1,1,1,1,SetState.use_set_state_minimal,baseline_with_rf_argmax,15,5dice-3,RedflagsEnum.answer,3,none,2,371,0.13333333333333333,0.8393665158371041,1
2,0,256B,1,1,1,1,1,1,SetState.use_set_state_minimal,baseline_with_rf_argmax,15,1tiny,RedflagsEnum.answer,3,none,8,253,0.5333333333333333,0.26857749469214437,2
2,0,256B,0,0,0,0,0,0,SetState.use_set_state_minimal,argmax,120,real-life,RedflagsEnum.answer,3,none,101,333,0.8416666666666667,0.3320039880358923,40
2,0,256B,0,0,0,0,0,0,SetState.use_set_state_minimal,argmax,8,5dice-2-1000epoch,RedflagsEnum.answer,3,none,8,384,1.0,0.42151481888035125,3
2,0,256B,0,0,0,0,0,0,SetState.use_set_state_minimal,argmax,30,fill_one_drone,RedflagsEnum.answer,3,none,15,858,0.5,0.8710659898477158,8
2,0,256B,0,0,0,0,0,0,SetState.use_set_state_minimal,argmax,20,orig-100birds,RedflagsEnum.answer,3,none,6,233,0.3,1.0,3
2,0,256B,0,0,0,0,0,0,SetState.use_set_state_minimal,argmax,24,U-1-ch,RedflagsEnum.answer,3,none,12,543,0.5,0.587027027027027,6
2,0,256B,0,0,0,0,0,0,SetState.use_set_state_minimal,argmax,4,orig,RedflagsEnum.answer,3,none,2,108,0.5,0.463519313304721,3
2,0,256B,0,0,0,0,0,0,SetState.use_set_state_minimal,argmax,15,5dice-3,RedflagsEnum.answer,3,none,4,442,0.26666666666666666,1.0,1
2,0,256B,0,0,0,0,0,0,SetState.use_set_state_minimal,argmax,15,1tiny,RedflagsEnum.answer,3,none,5,345,0.3333333333333333,0.3662420382165605,2
2,0,256B,0,0,0,0,0,0,SetState.use_set_state_minimal,betterbaseline,120,real-life,RedflagsEnum.answer,3,none,99,270,0.825,0.2691924227318046,40
2,0,256B,0,0,0,0,0,0,SetState.use_set_state_minimal,betterbaseline,20,orig-100birds,RedflagsEnum.answer,3,none,5,233,0.25,1.0,3
2,0,256B,0,0,0,0,0,0,SetState.use_set_state_minimal,betterbaseline,30,fill_one_drone,RedflagsEnum.answer,3,none,8,734,0.26666666666666666,0.7451776649746192,8
2,0,256B,0,0,0,0,0,0,SetState.use_set_state_minimal,betterbaseline,4,orig,RedflagsEnum.answer,3,none,2,98,0.5,0.4206008583690987,3
2,0,256B,0,0,0,0,0,0,SetState.use_set_state_minimal,betterbaseline,24,U-1-ch,RedflagsEnum.answer,3,none,6,529,0.25,0.5718918918918919,6
2,0,256B,0,0,0,0,0,0,SetState.use_set_state_minimal,betterbaseline,8,5dice-2-1000epoch,RedflagsEnum.answer,3,none,3,387,0.375,0.424807903402854,3
2,0,256B,0,0,0,0,0,0,SetState.use_set_state_minimal,betterbaseline,15,5dice-3,RedflagsEnum.answer,3,none,1,410,0.06666666666666667,0.9276018099547512,1
2,0,256B,0,0,0,0,0,0,SetState.use_set_state_minimal,betterbaseline,15,1tiny,RedflagsEnum.answer,3,none,3,310,0.2,0.32908704883227174,2
0,0,256B,1,1,1,1,1,1,SetState.use_set_state_minimal,baseline_with_rf_argmax,120,real-life,RedflagsEnum.answer,3,none,98,313,0.8166666666666667,0.3120638085742772,40
0,0,256B,1,1,1,1,1,1,SetState.use_set_state_minimal,baseline_with_rf_argmax,30,fill_one_drone,RedflagsEnum.answer,3,none,18,666,0.6,0.6761421319796954,8
0,0,256B,1,1,1,1,1,1,SetState.use_set_state_minimal,baseline_with_rf_argmax,8,5dice-2-1000epoch,RedflagsEnum.answer,3,none,7,294,0.875,0.3227222832052689,3
0,0,256B,1,1,1,1,1,1,SetState.use_set_state_minimal,baseline_with_rf_argmax,24,U-1-ch,RedflagsEnum.answer,3,none,10,512,0.4166666666666667,0.5535135135135135,6
0,0,256B,1,1,1,1,1,1,SetState.use_set_state_minimal,baseline_with_rf_argmax,15,1tiny,RedflagsEnum.answer,3,none,8,233,0.5333333333333333,0.24734607218683652,2
0,0,256B,1,1,1,1,1,1,SetState.use_set_state_minimal,baseline_with_rf_argmax,20,orig-100birds,RedflagsEnum.answer,3,none,9,233,0.45,1.0,3
0,0,256B,1,1,1,1,1,1,SetState.use_set_state_minimal,baseline_with_rf_argmax,15,5dice-3,RedflagsEnum.answer,3,none,2,374,0.13333333333333333,0.8461538461538461,1
0,0,256B,1,1,1,1,1,1,SetState.use_set_state_minimal,baseline_with_rf_argmax,4,orig,RedflagsEnum.answer,3,none,2,103,0.5,0.44206008583690987,3
0,0,256B,0,0,0,0,0,0,SetState.use_set_state_minimal,argmax,8,5dice-2-1000epoch,RedflagsEnum.answer,3,none,8,398,1.0,0.43688254665203075,3
0,0,256B,0,0,0,0,0,0,SetState.use_set_state_minimal,argmax,120,real-life,RedflagsEnum.answer,3,none,98,360,0.8166666666666667,0.3589232303090728,40
0,0,256B,0,0,0,0,0,0,SetState.use_set_state_minimal,argmax,30,fill_one_drone,RedflagsEnum.answer,3,none,16,795,0.5333333333333333,0.8071065989847716,8
0,0,256B,0,0,0,0,0,0,SetState.use_set_state_minimal,argmax,20,orig-100birds,RedflagsEnum.answer,3,none,6,233,0.3,1.0,3
0,0,256B,0,0,0,0,0,0,SetState.use_set_state_minimal,argmax,24,U-1-ch,RedflagsEnum.answer,3,none,12,497,0.5,0.5372972972972972,6
0,0,256B,0,0,0,0,0,0,SetState.use_set_state_minimal,argmax,15,1tiny,RedflagsEnum.answer,3,none,4,318,0.26666666666666666,0.3375796178343949,2
0,0,256B,0,0,0,0,0,0,SetState.use_set_state_minimal,argmax,15,5dice-3,RedflagsEnum.answer,3,none,4,442,0.26666666666666666,1.0,1
0,0,256B,0,0,0,0,0,0,SetState.use_set_state_minimal,argmax,4,orig,RedflagsEnum.answer,3,none,2,95,0.5,0.40772532188841204,3
0,0,256B,0,0,0,0,0,0,SetState.use_set_state_minimal,betterbaseline,120,real-life,RedflagsEnum.answer,3,none,97,301,0.8083333333333333,0.3000997008973081,40
0,0,256B,0,0,0,0,0,0,SetState.use_set_state_minimal,betterbaseline,24,U-1-ch,RedflagsEnum.answer,3,none,6,498,0.25,0.5383783783783784,6
0,0,256B,0,0,0,0,0,0,SetState.use_set_state_minimal,betterbaseline,30,fill_one_drone,RedflagsEnum.answer,3,none,14,708,0.4666666666666667,0.7187817258883249,8
0,0,256B,0,0,0,0,0,0,SetState.use_set_state_minimal,betterbaseline,8,5dice-2-1000epoch,RedflagsEnum.answer,3,none,3,384,0.375,0.42151481888035125,3
0,0,256B,0,0,0,0,0,0,SetState.use_set_state_minimal,betterbaseline,20,orig-100birds,RedflagsEnum.answer,3,none,3,233,0.15,1.0,3
0,0,256B,0,0,0,0,0,0,SetState.use_set_state_minimal,betterbaseline,15,1tiny,RedflagsEnum.answer,3,none,3,271,0.2,0.28768577494692144,2
0,0,256B,0,0,0,0,0,0,SetState.use_set_state_minimal,betterbaseline,15,5dice-3,RedflagsEnum.answer,3,none,1,410,0.06666666666666667,0.9276018099547512,1
0,0,256B,0,0,0,0,0,0,SetState.use_set_state_minimal,betterbaseline,4,orig,RedflagsEnum.answer,3,none,2,69,0.5,0.296137339055794,3
1,0,256B,1,1,1,1,1,1,SetState.use_set_state_minimal,baseline_with_rf_argmax,120,real-life,RedflagsEnum.answer,3,none,101,303,0.8416666666666667,0.3020937188434696,40
1,0,256B,1,1,1,1,1,1,SetState.use_set_state_minimal,baseline_with_rf_argmax,30,fill_one_drone,RedflagsEnum.answer,3,none,18,531,0.6,0.5390862944162437,8
1,0,256B,1,1,1,1,1,1,SetState.use_set_state_minimal,baseline_with_rf_argmax,24,U-1-ch,RedflagsEnum.answer,3,none,9,508,0.375,0.5491891891891892,6
1,0,256B,1,1,1,1,1,1,SetState.use_set_state_minimal,baseline_with_rf_argmax,20,orig-100birds,RedflagsEnum.answer,3,none,10,233,0.5,1.0,3
1,0,256B,1,1,1,1,1,1,SetState.use_set_state_minimal,baseline_with_rf_argmax,8,5dice-2-1000epoch,RedflagsEnum.answer,3,none,8,255,1.0,0.27991218441273324,3
1,0,256B,1,1,1,1,1,1,SetState.use_set_state_minimal,baseline_with_rf_argmax,15,1tiny,RedflagsEnum.answer,3,none,7,256,0.4666666666666667,0.27176220806794055,2
1,0,256B,1,1,1,1,1,1,SetState.use_set_state_minimal,baseline_with_rf_argmax,15,5dice-3,RedflagsEnum.answer,3,none,2,339,0.13333333333333333,0.7669683257918553,1
1,0,256B,1,1,1,1,1,1,SetState.use_set_state_minimal,baseline_with_rf_argmax,4,orig,RedflagsEnum.answer,3,none,3,92,0.75,0.3948497854077253,3
1,0,256B,0,0,0,0,0,0,SetState.use_set_state_minimal,argmax,120,real-life,RedflagsEnum.answer,3,none,101,351,0.8416666666666667,0.34995014955134596,40
1,0,256B,0,0,0,0,0,0,SetState.use_set_state_minimal,argmax,8,5dice-2-1000epoch,RedflagsEnum.answer,3,none,8,427,1.0,0.46871569703622395,3
1,0,256B,0,0,0,0,0,0,SetState.use_set_state_minimal,argmax,30,fill_one_drone,RedflagsEnum.answer,3,none,16,793,0.5333333333333333,0.8050761421319796,8
1,0,256B,0,0,0,0,0,0,SetState.use_set_state_minimal,argmax,24,U-1-ch,RedflagsEnum.answer,3,none,12,504,0.5,0.5448648648648649,6
1,0,256B,0,0,0,0,0,0,SetState.use_set_state_minimal,argmax,20,orig-100birds,RedflagsEnum.answer,3,none,6,233,0.3,1.0,3
1,0,256B,0,0,0,0,0,0,SetState.use_set_state_minimal,argmax,15,5dice-3,RedflagsEnum.answer,3,none,5,442,0.3333333333333333,1.0,1
1,0,256B,0,0,0,0,0,0,SetState.use_set_state_minimal,argmax,15,1tiny,RedflagsEnum.answer,3,none,4,369,0.26666666666666666,0.39171974522292996,2
1,0,256B,0,0,0,0,0,0,SetState.use_set_state_minimal,argmax,4,orig,RedflagsEnum.answer,3,none,3,85,0.75,0.3648068669527897,3
1,0,256B,0,0,0,0,0,0,SetState.use_set_state_minimal,betterbaseline,120,real-life,RedflagsEnum.answer,3,none,101,315,0.8416666666666667,0.3140578265204387,40
1,0,256B,0,0,0,0,0,0,SetState.use_set_state_minimal,betterbaseline,24,U-1-ch,RedflagsEnum.answer,3,none,6,459,0.25,0.4962162162162162,6
1,0,256B,0,0,0,0,0,0,SetState.use_set_state_minimal,betterbaseline,30,fill_one_drone,RedflagsEnum.answer,3,none,13,732,0.43333333333333335,0.7431472081218274,8
1,0,256B,0,0,0,0,0,0,SetState.use_set_state_minimal,betterbaseline,20,orig-100birds,RedflagsEnum.answer,3,none,5,233,0.25,1.0,3
1,0,256B,0,0,0,0,0,0,SetState.use_set_state_minimal,betterbaseline,15,1tiny,RedflagsEnum.answer,3,none,3,277,0.2,0.2940552016985138,2
1,0,256B,0,0,0,0,0,0,SetState.use_set_state_minimal,betterbaseline,8,5dice-2-1000epoch,RedflagsEnum.answer,3,none,3,375,0.375,0.411635565312843,3
1,0,256B,0,0,0,0,0,0,SetState.use_set_state_minimal,betterbaseline,15,5dice-3,RedflagsEnum.answer,3,none,1,409,0.06666666666666667,0.9253393665158371,1
1,0,256B,0,0,0,0,0,0,SetState.use_set_state_minimal,betterbaseline,4,orig,RedflagsEnum.answer,3,none,3,84,0.75,0.3605150214592275,3
0,1,256B,0,0,0,0,0,0,SetState.use_set_state_minimal,baseline_with_composiion,120,real-life,RedflagsEnum.answer,3,none,98,18,0.8166666666666667,0.01794616151545364,40
0,1,256B,0,0,0,0,0,0,SetState.use_set_state_minimal,baseline_with_composiion,30,fill_one_drone,RedflagsEnum.answer,3,none,7,266,0.23333333333333334,0.2700507614213198,8
0,1,256B,0,0,0,0,0,0,SetState.use_set_state_minimal,baseline_with_composiion,24,U-1-ch,RedflagsEnum.answer,3,none,2,421,0.08333333333333333,0.45513513513513515,6
0,1,256B,0,0,0,0,0,0,SetState.use_set_state_minimal,baseline_with_composiion,8,5dice-2-1000epoch,RedflagsEnum.answer,3,none,3,394,0.375,0.43249176728869376,3
0,1,256B,0,0,0,0,0,0,SetState.use_set_state_minimal,baseline_with_composiion,15,5dice-3,RedflagsEnum.answer,3,none,1,374,0.06666666666666667,0.8461538461538461,1
0,1,256B,0,0,0,0,0,0,SetState.use_set_state_minimal,baseline_with_composiion,15,1tiny,RedflagsEnum.answer,3,none,3,218,0.2,0.23142250530785563,2
0,1,256B,0,0,0,0,0,0,SetState.use_set_state_minimal,baseline_with_composiion,4,orig,RedflagsEnum.answer,3,none,2,98,0.5,0.4206008583690987,3
0,1,256B,1,1,1,1,1,1,SetState.use_set_state_minimal,greedy_ensemble_obey_partial,4,orig,RedflagsEnum.answer,3,B0.15-5,0,2,0.0,0.008583690987124463,3
0,1,256B,1,1,1,1,1,1,SetState.use_set_state_minimal,greedy_ensemble_obey_partial,30,fill_one_drone,RedflagsEnum.answer,3,B0.15-5,19,131,0.6333333333333333,0.132994923857868,8
0,1,256B,1,1,1,1,1,1,SetState.use_set_state_minimal,greedy_ensemble_obey_partial,15,5dice-3,RedflagsEnum.answer,3,B0.15-5,8,44,0.5333333333333333,0.09954751131221719,1
0,1,256B,1,1,1,1,1,1,SetState.use_set_state_minimal,greedy_ensemble_obey_partial,24,U-1-ch,RedflagsEnum.answer,3,B0.15-5,14,22,0.5833333333333334,0.023783783783783784,6
0,1,256B,1,1,1,1,1,1,SetState.use_set_state_minimal,greedy_ensemble_obey_partial,15,1tiny,RedflagsEnum.answer,3,B0.15-5,12,41,0.8,0.0435244161358811,2
0,1,256B,1,1,1,1,1,1,SetState.use_set_state_minimal,greedy_ensemble_obey_partial,120,real-life,RedflagsEnum.answer,3,B0.15-5,98,92,0.8166666666666667,0.09172482552342971,40
0,1,256B,1,1,1,1,1,1,SetState.use_set_state_minimal,greedy_ensemble_obey,4,orig,RedflagsEnum.answer,3,B0.15-5,0,2,0.0,0.008583690987124463,3
0,1,256B,1,1,1,1,1,1,SetState.use_set_state_minimal,greedy_ensemble_obey,30,fill_one_drone,RedflagsEnum.answer,3,B0.15-5,19,131,0.6333333333333333,0.132994923857868,8
0,1,256B,1,1,1,1,1,1,SetState.use_set_state_minimal,greedy_ensemble_obey,15,5dice-3,RedflagsEnum.answer,3,B0.15-5,8,44,0.5333333333333333,0.09954751131221719,1
0,1,256B,1,1,1,1,1,1,SetState.use_set_state_minimal,greedy_ensemble_obey,15,1tiny,RedflagsEnum.answer,3,B0.15-5,12,41,0.8,0.0435244161358811,2
0,1,256B,1,1,1,1,1,1,SetState.use_set_state_minimal,greedy_ensemble_obey,24,U-1-ch,RedflagsEnum.answer,3,B0.15-5,14,22,0.5833333333333334,0.023783783783783784,6
0,1,256B,1,1,1,1,1,1,SetState.use_set_state_minimal,greedy_ensemble_obey,120,real-life,RedflagsEnum.answer,3,B0.15-5,98,92,0.8166666666666667,0.09172482552342971,40
0,1,256B,1,1,1,1,1,1,SetState.use_set_state_minimal,greedy_ensemble_priority,8,5dice-2-1000epoch,RedflagsEnum.answer,3,B0.15-5,8,45,1.0,0.04939626783754116,3
0,1,256B,1,1,1,1,1,1,SetState.use_set_state_minimal,greedy_ensemble_priority,120,real-life,RedflagsEnum.answer,3,B0.15-5,98,92,0.8166666666666667,0.09172482552342971,40
0,1,256B,1,1,1,1,1,1,SetState.use_set_state_minimal,greedy_ensemble_priority,30,fill_one_drone,RedflagsEnum.answer,3,B0.15-5,22,144,0.7333333333333333,0.14619289340101524,8
0,1,256B,1,1,1,1,1,1,SetState.use_set_state_minimal,greedy_ensemble_priority,24,U-1-ch,RedflagsEnum.answer,3,B0.15-5,14,51,0.5833333333333334,0.055135135135135134,6
0,1,256B,1,1,1,1,1,1,SetState.use_set_state_minimal,greedy_ensemble_priority,20,orig-100birds,RedflagsEnum.answer,3,B0.15-5,11,230,0.55,0.9871244635193133,3
0,1,256B,1,1,1,1,1,1,SetState.use_set_state_minimal,greedy_ensemble_priority,15,5dice-3,RedflagsEnum.answer,3,B0.15-5,11,58,0.7333333333333333,0.13122171945701358,1
0,1,256B,1,1,1,1,1,1,SetState.use_set_state_minimal,greedy_ensemble_priority,15,1tiny,RedflagsEnum.answer,3,B0.15-5,12,52,0.8,0.055201698513800426,2
0,1,256B,1,1,1,1,1,1,SetState.use_set_state_minimal,greedy_ensemble_priority,4,orig,RedflagsEnum.answer,3,B0.15-5,2,67,0.5,0.2875536480686695,3
0,1,256B,1,1,1,1,1,1,SetState.use_set_state_minimal,greedy_drone,8,5dice-2-1000epoch,RedflagsEnum.answer,3,B0.15-5,8,90,1.0,0.09879253567508232,3
0,1,256B,1,1,1,1,1,1,SetState.use_set_state_minimal,greedy_drone,120,real-life,RedflagsEnum.answer,3,B0.15-5,98,16,0.8166666666666667,0.015952143569292122,40
0,1,256B,1,1,1,1,1,1,SetState.use_set_state_minimal,greedy_drone,30,fill_one_drone,RedflagsEnum.answer,3,B0.15-5,24,70,0.8,0.07106598984771574,8
0,1,256B,1,1,1,1,1,1,SetState.use_set_state_minimal,greedy_drone,24,U-1-ch,RedflagsEnum.answer,3,B0.15-5,21,34,0.875,0.036756756756756756,6
0,1,256B,1,1,1,1,1,1,SetState.use_set_state_minimal,greedy_drone,15,5dice-3,RedflagsEnum.answer,3,B0.15-5,9,99,0.6,0.2239819004524887,1
0,1,256B,1,1,1,1,1,1,SetState.use_set_state_minimal,greedy_drone,20,orig-100birds,RedflagsEnum.answer,3,B0.15-5,5,233,0.25,1.0,3
0,1,256B,1,1,1,1,1,1,SetState.use_set_state_minimal,greedy_drone,15,1tiny,RedflagsEnum.answer,3,B0.15-5,13,38,0.8666666666666667,0.040339702760084924,2
0,1,256B,1,1,1,1,1,1,SetState.use_set_state_minimal,greedy_drone,4,orig,RedflagsEnum.answer,3,B0.15-5,2,79,0.5,0.33905579399141633,3
1,1,256B,0,0,0,0,0,0,SetState.use_set_state_minimal,baseline_with_composiion,120,real-life,RedflagsEnum.answer,3,none,101,21,0.8416666666666667,0.020937188434695914,40
1,1,256B,0,0,0,0,0,0,SetState.use_set_state_minimal,baseline_with_composiion,24,U-1-ch,RedflagsEnum.answer,3,none,3,317,0.125,0.3427027027027027,6
1,1,256B,0,0,0,0,0,0,SetState.use_set_state_minimal,baseline_with_composiion,30,fill_one_drone,RedflagsEnum.answer,3,none,14,221,0.4666666666666667,0.22436548223350253,8
1,1,256B,0,0,0,0,0,0,SetState.use_set_state_minimal,baseline_with_composiion,8,5dice-2-1000epoch,RedflagsEnum.answer,3,none,2,311,0.25,0.3413830954994512,3
1,1,256B,0,0,0,0,0,0,SetState.use_set_state_minimal,baseline_with_composiion,15,1tiny,RedflagsEnum.answer,3,none,3,250,0.2,0.2653927813163482,2
1,1,256B,0,0,0,0,0,0,SetState.use_set_state_minimal,baseline_with_composiion,15,5dice-3,RedflagsEnum.answer,3,none,2,376,0.13333333333333333,0.8506787330316742,1
1,1,256B,0,0,0,0,0,0,SetState.use_set_state_minimal,baseline_with_composiion,4,orig,RedflagsEnum.answer,3,none,3,74,0.75,0.31759656652360513,3
1,1,256B,1,1,1,1,1,1,SetState.use_set_state_minimal,greedy_ensemble_obey_partial,4,orig,RedflagsEnum.answer,3,B0.15-5,0,6,0.0,0.02575107296137339,3
1,1,256B,1,1,1,1,1,1,SetState.use_set_state_minimal,greedy_ensemble_obey_partial,30,fill_one_drone,RedflagsEnum.answer,3,B0.15-5,22,92,0.7333333333333333,0.09340101522842639,8
1,1,256B,1,1,1,1,1,1,SetState.use_set_state_minimal,greedy_ensemble_obey_partial,15,1tiny,RedflagsEnum.answer,3,B0.15-5,9,65,0.6,0.06900212314225053,2
1,1,256B,1,1,1,1,1,1,SetState.use_set_state_minimal,greedy_ensemble_obey_partial,24,U-1-ch,RedflagsEnum.answer,3,B0.15-5,8,47,0.3333333333333333,0.05081081081081081,6
1,1,256B,1,1,1,1,1,1,SetState.use_set_state_minimal,greedy_ensemble_obey_partial,15,5dice-3,RedflagsEnum.answer,3,B0.15-5,9,59,0.6,0.1334841628959276,1
1,1,256B,1,1,1,1,1,1,SetState.use_set_state_minimal,greedy_ensemble_obey_partial,120,real-life,RedflagsEnum.answer,3,B0.15-5,100,94,0.8333333333333334,0.09371884346959122,40
1,1,256B,1,1,1,1,1,1,SetState.use_set_state_minimal,greedy_ensemble_obey,4,orig,RedflagsEnum.answer,3,B0.15-5,0,6,0.0,0.02575107296137339,3
1,1,256B,1,1,1,1,1,1,SetState.use_set_state_minimal,greedy_ensemble_obey,30,fill_one_drone,RedflagsEnum.answer,3,B0.15-5,22,92,0.7333333333333333,0.09340101522842639,8
1,1,256B,1,1,1,1,1,1,SetState.use_set_state_minimal,greedy_ensemble_obey,24,U-1-ch,RedflagsEnum.answer,3,B0.15-5,8,47,0.3333333333333333,0.05081081081081081,6
1,1,256B,1,1,1,1,1,1,SetState.use_set_state_minimal,greedy_ensemble_obey,15,1tiny,RedflagsEnum.answer,3,B0.15-5,9,65,0.6,0.06900212314225053,2
1,1,256B,1,1,1,1,1,1,SetState.use_set_state_minimal,greedy_ensemble_obey,15,5dice-3,RedflagsEnum.answer,3,B0.15-5,9,59,0.6,0.1334841628959276,1
1,1,256B,1,1,1,1,1,1,SetState.use_set_state_minimal,greedy_ensemble_obey,120,real-life,RedflagsEnum.answer,3,B0.15-5,100,94,0.8333333333333334,0.09371884346959122,40
1,1,256B,1,1,1,1,1,1,SetState.use_set_state_minimal,greedy_drone,120,real-life,RedflagsEnum.answer,3,B0.15-5,101,19,0.8416666666666667,0.018943170488534396,40
1,1,256B,1,1,1,1,1,1,SetState.use_set_state_minimal,greedy_drone,8,5dice-2-1000epoch,RedflagsEnum.answer,3,B0.15-5,8,126,1.0,0.13830954994511527,3
1,1,256B,1,1,1,1,1,1,SetState.use_set_state_minimal,greedy_drone,30,fill_one_drone,RedflagsEnum.answer,3,B0.15-5,22,56,0.7333333333333333,0.05685279187817259,8
1,1,256B,1,1,1,1,1,1,SetState.use_set_state_minimal,greedy_drone,24,U-1-ch,RedflagsEnum.answer,3,B0.15-5,20,21,0.8333333333333334,0.022702702702702703,6
1,1,256B,1,1,1,1,1,1,SetState.use_set_state_minimal,greedy_drone,20,orig-100birds,RedflagsEnum.answer,3,B0.15-5,5,233,0.25,1.0,3
1,1,256B,1,1,1,1,1,1,SetState.use_set_state_minimal,greedy_drone,15,5dice-3,RedflagsEnum.answer,3,B0.15-5,8,69,0.5333333333333333,0.15610859728506787,1
1,1,256B,1,1,1,1,1,1,SetState.use_set_state_minimal,greedy_drone,15,1tiny,RedflagsEnum.answer,3,B0.15-5,13,53,0.8666666666666667,0.05626326963906582,2
1,1,256B,1,1,1,1,1,1,SetState.use_set_state_minimal,greedy_drone,4,orig,RedflagsEnum.answer,3,B0.15-5,3,47,0.75,0.2017167381974249,3
1,1,256B,1,1,1,1,1,1,SetState.use_set_state_minimal,greedy_ensemble_priority,120,real-life,RedflagsEnum.answer,3,B0.15-5,100,94,0.8333333333333334,0.09371884346959122,40
1,1,256B,1,1,1,1,1,1,SetState.use_set_state_minimal,greedy_ensemble_priority,8,5dice-2-1000epoch,RedflagsEnum.answer,3,B0.15-5,8,55,1.0,0.06037321624588365,3
1,1,256B,1,1,1,1,1,1,SetState.use_set_state_minimal,greedy_ensemble_priority,30,fill_one_drone,RedflagsEnum.answer,3,B0.15-5,18,101,0.6,0.10253807106598985,8
1,1,256B,1,1,1,1,1,1,SetState.use_set_state_minimal,greedy_ensemble_priority,24,U-1-ch,RedflagsEnum.answer,3,B0.15-5,10,73,0.4166666666666667,0.07891891891891892,6
1,1,256B,1,1,1,1,1,1,SetState.use_set_state_minimal,greedy_ensemble_priority,20,orig-100birds,RedflagsEnum.answer,3,B0.15-5,11,233,0.55,1.0,3
1,1,256B,1,1,1,1,1,1,SetState.use_set_state_minimal,greedy_ensemble_priority,15,5dice-3,RedflagsEnum.answer,3,B0.15-5,10,60,0.6666666666666666,0.13574660633484162,1
1,1,256B,1,1,1,1,1,1,SetState.use_set_state_minimal,greedy_ensemble_priority,15,1tiny,RedflagsEnum.answer,3,B0.15-5,11,54,0.7333333333333333,0.05732484076433121,2
1,1,256B,1,1,1,1,1,1,SetState.use_set_state_minimal,greedy_ensemble_priority,4,orig,RedflagsEnum.answer,3,B0.15-5,3,59,0.75,0.2532188841201717,3
